[0.000000] (-) TimerEvent: {}
[0.000282] (tracer_msgs) JobQueued: {'identifier': 'tracer_msgs', 'dependencies': OrderedDict()}
[0.000345] (ugv_sdk) JobQueued: {'identifier': 'ugv_sdk', 'dependencies': OrderedDict()}
[0.000373] (tracer_base) JobQueued: {'identifier': 'tracer_base', 'dependencies': OrderedDict([('tracer_msgs', '/home/jacky/movecar_ws/install/tracer_msgs'), ('ugv_sdk', '/home/jacky/movecar_ws/install/ugv_sdk')])}
[0.000406] (tracer_msgs) JobStarted: {'identifier': 'tracer_msgs'}
[0.003811] (ugv_sdk) JobStarted: {'identifier': 'ugv_sdk'}
[0.005542] (tracer_msgs) JobProgress: {'identifier': 'tracer_msgs', 'progress': 'cmake'}
[0.005781] (tracer_msgs) JobProgress: {'identifier': 'tracer_msgs', 'progress': 'build'}
[0.006135] (tracer_msgs) Command: {'cmd': ['/usr/bin/cmake', '--build', '/home/jacky/movecar_ws/build/tracer_msgs', '--', '-j32', '-l32'], 'cwd': '/home/jacky/movecar_ws/build/tracer_msgs', 'env': OrderedDict([('LESSOPEN', '| /usr/bin/lesspipe %s'), ('LANGUAGE', 'zh_CN:zh'), ('USER', 'jacky'), ('XDG_SESSION_TYPE', 'x11'), ('SHLVL', '1'), ('LD_LIBRARY_PATH', '/usr/lib/x86_64-linux-gnu/gazebo-11/plugins:/opt/ros/humble/opt/rviz_ogre_vendor/lib:/opt/ros/humble/lib/x86_64-linux-gnu:/opt/ros/humble/lib'), ('HOME', '/home/jacky'), ('OLDPWD', '/home/jacky'), ('DESKTOP_SESSION', 'ubuntu'), ('ROS_PYTHON_VERSION', '3'), ('GNOME_SHELL_SESSION_MODE', 'ubuntu'), ('GTK_MODULES', 'gail:atk-bridge'), ('SYSTEMD_EXEC_PID', '2019'), ('DBUS_SESSION_BUS_ADDRESS', 'unix:path=/run/user/1000/bus'), ('COLORTERM', 'truecolor'), ('ROS_DISTRO', 'humble'), ('GTK_IM_MODULE', 'ibus'), ('LOGNAME', 'jacky'), ('_', '/usr/bin/colcon'), ('ROS_VERSION', '2'), ('XDG_SESSION_CLASS', 'user'), ('USERNAME', 'jacky'), ('TERM', 'xterm-256color'), ('GNOME_DESKTOP_SESSION_ID', 'this-is-deprecated'), ('ROS_LOCALHOST_ONLY', '0'), ('WINDOWPATH', '2'), ('PATH', '/opt/ros/humble/bin:/home/jacky/.local/bin:/usr/local/sbin:/usr/local/bin:/usr/sbin:/usr/bin:/sbin:/bin:/usr/games:/usr/local/games:/snap/bin:/snap/bin'), ('SESSION_MANAGER', 'local/jacky-CANGLONG-Series:@/tmp/.ICE-unix/1768,unix/jacky-CANGLONG-Series:/tmp/.ICE-unix/1768'), ('XDG_MENU_PREFIX', 'gnome-'), ('GNOME_TERMINAL_SCREEN', '/org/gnome/Terminal/screen/eff170ea_b423_4083_994d_7c54a750d5a7'), ('XDG_RUNTIME_DIR', '/run/user/1000'), ('DISPLAY', ':0'), ('LANG', 'zh_CN.UTF-8'), ('XDG_CURRENT_DESKTOP', 'ubuntu:GNOME'), ('XMODIFIERS', '@im=ibus'), ('XDG_SESSION_DESKTOP', 'ubuntu'), ('XAUTHORITY', '/run/user/1000/gdm/Xauthority'), ('LS_COLORS', 'rs=0:di=01;34:ln=01;36:mh=00:pi=40;33:so=01;35:do=01;35:bd=40;33;01:cd=40;33;01:or=40;31;01:mi=00:su=37;41:sg=30;43:ca=30;41:tw=30;42:ow=34;42:st=37;44:ex=01;32:*.tar=01;31:*.tgz=01;31:*.arc=01;31:*.arj=01;31:*.taz=01;31:*.lha=01;31:*.lz4=01;31:*.lzh=01;31:*.lzma=01;31:*.tlz=01;31:*.txz=01;31:*.tzo=01;31:*.t7z=01;31:*.zip=01;31:*.z=01;31:*.dz=01;31:*.gz=01;31:*.lrz=01;31:*.lz=01;31:*.lzo=01;31:*.xz=01;31:*.zst=01;31:*.tzst=01;31:*.bz2=01;31:*.bz=01;31:*.tbz=01;31:*.tbz2=01;31:*.tz=01;31:*.deb=01;31:*.rpm=01;31:*.jar=01;31:*.war=01;31:*.ear=01;31:*.sar=01;31:*.rar=01;31:*.alz=01;31:*.ace=01;31:*.zoo=01;31:*.cpio=01;31:*.7z=01;31:*.rz=01;31:*.cab=01;31:*.wim=01;31:*.swm=01;31:*.dwm=01;31:*.esd=01;31:*.jpg=01;35:*.jpeg=01;35:*.mjpg=01;35:*.mjpeg=01;35:*.gif=01;35:*.bmp=01;35:*.pbm=01;35:*.pgm=01;35:*.ppm=01;35:*.tga=01;35:*.xbm=01;35:*.xpm=01;35:*.tif=01;35:*.tiff=01;35:*.png=01;35:*.svg=01;35:*.svgz=01;35:*.mng=01;35:*.pcx=01;35:*.mov=01;35:*.mpg=01;35:*.mpeg=01;35:*.m2v=01;35:*.mkv=01;35:*.webm=01;35:*.webp=01;35:*.ogm=01;35:*.mp4=01;35:*.m4v=01;35:*.mp4v=01;35:*.vob=01;35:*.qt=01;35:*.nuv=01;35:*.wmv=01;35:*.asf=01;35:*.rm=01;35:*.rmvb=01;35:*.flc=01;35:*.avi=01;35:*.fli=01;35:*.flv=01;35:*.gl=01;35:*.dl=01;35:*.xcf=01;35:*.xwd=01;35:*.yuv=01;35:*.cgm=01;35:*.emf=01;35:*.ogv=01;35:*.ogx=01;35:*.aac=00;36:*.au=00;36:*.flac=00;36:*.m4a=00;36:*.mid=00;36:*.midi=00;36:*.mka=00;36:*.mp3=00;36:*.mpc=00;36:*.ogg=00;36:*.ra=00;36:*.wav=00;36:*.oga=00;36:*.opus=00;36:*.spx=00;36:*.xspf=00;36:'), ('GNOME_TERMINAL_SERVICE', ':1.110'), ('SSH_AGENT_LAUNCHER', 'gnome-keyring'), ('SSH_AUTH_SOCK', '/run/user/1000/keyring/ssh'), ('AMENT_PREFIX_PATH', '/opt/ros/humble'), ('SHELL', '/bin/bash'), ('QT_ACCESSIBILITY', '1'), ('GDMSESSION', 'ubuntu'), ('LESSCLOSE', '/usr/bin/lesspipe %s %s'), ('GPG_AGENT_INFO', '/run/user/1000/gnupg/S.gpg-agent:0:1'), ('QT_IM_MODULE', 'ibus'), ('PWD', '/home/jacky/movecar_ws/build/tracer_msgs'), ('XDG_CONFIG_DIRS', '/etc/xdg/xdg-ubuntu:/etc/xdg'), ('XDG_DATA_DIRS', '/usr/share/ubuntu:/usr/share/gnome:/usr/local/share/:/usr/share/:/var/lib/snapd/desktop'), ('PYTHONPATH', '/opt/ros/humble/lib/python3.10/site-packages:/opt/ros/humble/local/lib/python3.10/dist-packages'), ('COLCON', '1'), ('VTE_VERSION', '6800'), ('CMAKE_PREFIX_PATH', '/opt/ros/humble')]), 'shell': False}
[0.008077] (ugv_sdk) JobProgress: {'identifier': 'ugv_sdk', 'progress': 'cmake'}
[0.008274] (ugv_sdk) JobProgress: {'identifier': 'ugv_sdk', 'progress': 'build'}
[0.008621] (ugv_sdk) Command: {'cmd': ['/usr/bin/cmake', '--build', '/home/jacky/movecar_ws/build/ugv_sdk', '--', '-j32', '-l32'], 'cwd': '/home/jacky/movecar_ws/build/ugv_sdk', 'env': OrderedDict([('LESSOPEN', '| /usr/bin/lesspipe %s'), ('LANGUAGE', 'zh_CN:zh'), ('USER', 'jacky'), ('XDG_SESSION_TYPE', 'x11'), ('SHLVL', '1'), ('LD_LIBRARY_PATH', '/usr/lib/x86_64-linux-gnu/gazebo-11/plugins:/opt/ros/humble/opt/rviz_ogre_vendor/lib:/opt/ros/humble/lib/x86_64-linux-gnu:/opt/ros/humble/lib'), ('HOME', '/home/jacky'), ('OLDPWD', '/home/jacky'), ('DESKTOP_SESSION', 'ubuntu'), ('ROS_PYTHON_VERSION', '3'), ('GNOME_SHELL_SESSION_MODE', 'ubuntu'), ('GTK_MODULES', 'gail:atk-bridge'), ('SYSTEMD_EXEC_PID', '2019'), ('DBUS_SESSION_BUS_ADDRESS', 'unix:path=/run/user/1000/bus'), ('COLORTERM', 'truecolor'), ('ROS_DISTRO', 'humble'), ('GTK_IM_MODULE', 'ibus'), ('LOGNAME', 'jacky'), ('_', '/usr/bin/colcon'), ('ROS_VERSION', '2'), ('XDG_SESSION_CLASS', 'user'), ('USERNAME', 'jacky'), ('TERM', 'xterm-256color'), ('GNOME_DESKTOP_SESSION_ID', 'this-is-deprecated'), ('ROS_LOCALHOST_ONLY', '0'), ('WINDOWPATH', '2'), ('PATH', '/opt/ros/humble/bin:/home/jacky/.local/bin:/usr/local/sbin:/usr/local/bin:/usr/sbin:/usr/bin:/sbin:/bin:/usr/games:/usr/local/games:/snap/bin:/snap/bin'), ('SESSION_MANAGER', 'local/jacky-CANGLONG-Series:@/tmp/.ICE-unix/1768,unix/jacky-CANGLONG-Series:/tmp/.ICE-unix/1768'), ('XDG_MENU_PREFIX', 'gnome-'), ('GNOME_TERMINAL_SCREEN', '/org/gnome/Terminal/screen/eff170ea_b423_4083_994d_7c54a750d5a7'), ('XDG_RUNTIME_DIR', '/run/user/1000'), ('DISPLAY', ':0'), ('LANG', 'zh_CN.UTF-8'), ('XDG_CURRENT_DESKTOP', 'ubuntu:GNOME'), ('XMODIFIERS', '@im=ibus'), ('XDG_SESSION_DESKTOP', 'ubuntu'), ('XAUTHORITY', '/run/user/1000/gdm/Xauthority'), ('LS_COLORS', 'rs=0:di=01;34:ln=01;36:mh=00:pi=40;33:so=01;35:do=01;35:bd=40;33;01:cd=40;33;01:or=40;31;01:mi=00:su=37;41:sg=30;43:ca=30;41:tw=30;42:ow=34;42:st=37;44:ex=01;32:*.tar=01;31:*.tgz=01;31:*.arc=01;31:*.arj=01;31:*.taz=01;31:*.lha=01;31:*.lz4=01;31:*.lzh=01;31:*.lzma=01;31:*.tlz=01;31:*.txz=01;31:*.tzo=01;31:*.t7z=01;31:*.zip=01;31:*.z=01;31:*.dz=01;31:*.gz=01;31:*.lrz=01;31:*.lz=01;31:*.lzo=01;31:*.xz=01;31:*.zst=01;31:*.tzst=01;31:*.bz2=01;31:*.bz=01;31:*.tbz=01;31:*.tbz2=01;31:*.tz=01;31:*.deb=01;31:*.rpm=01;31:*.jar=01;31:*.war=01;31:*.ear=01;31:*.sar=01;31:*.rar=01;31:*.alz=01;31:*.ace=01;31:*.zoo=01;31:*.cpio=01;31:*.7z=01;31:*.rz=01;31:*.cab=01;31:*.wim=01;31:*.swm=01;31:*.dwm=01;31:*.esd=01;31:*.jpg=01;35:*.jpeg=01;35:*.mjpg=01;35:*.mjpeg=01;35:*.gif=01;35:*.bmp=01;35:*.pbm=01;35:*.pgm=01;35:*.ppm=01;35:*.tga=01;35:*.xbm=01;35:*.xpm=01;35:*.tif=01;35:*.tiff=01;35:*.png=01;35:*.svg=01;35:*.svgz=01;35:*.mng=01;35:*.pcx=01;35:*.mov=01;35:*.mpg=01;35:*.mpeg=01;35:*.m2v=01;35:*.mkv=01;35:*.webm=01;35:*.webp=01;35:*.ogm=01;35:*.mp4=01;35:*.m4v=01;35:*.mp4v=01;35:*.vob=01;35:*.qt=01;35:*.nuv=01;35:*.wmv=01;35:*.asf=01;35:*.rm=01;35:*.rmvb=01;35:*.flc=01;35:*.avi=01;35:*.fli=01;35:*.flv=01;35:*.gl=01;35:*.dl=01;35:*.xcf=01;35:*.xwd=01;35:*.yuv=01;35:*.cgm=01;35:*.emf=01;35:*.ogv=01;35:*.ogx=01;35:*.aac=00;36:*.au=00;36:*.flac=00;36:*.m4a=00;36:*.mid=00;36:*.midi=00;36:*.mka=00;36:*.mp3=00;36:*.mpc=00;36:*.ogg=00;36:*.ra=00;36:*.wav=00;36:*.oga=00;36:*.opus=00;36:*.spx=00;36:*.xspf=00;36:'), ('GNOME_TERMINAL_SERVICE', ':1.110'), ('SSH_AGENT_LAUNCHER', 'gnome-keyring'), ('SSH_AUTH_SOCK', '/run/user/1000/keyring/ssh'), ('AMENT_PREFIX_PATH', '/opt/ros/humble'), ('SHELL', '/bin/bash'), ('QT_ACCESSIBILITY', '1'), ('GDMSESSION', 'ubuntu'), ('LESSCLOSE', '/usr/bin/lesspipe %s %s'), ('GPG_AGENT_INFO', '/run/user/1000/gnupg/S.gpg-agent:0:1'), ('QT_IM_MODULE', 'ibus'), ('PWD', '/home/jacky/movecar_ws/build/ugv_sdk'), ('XDG_CONFIG_DIRS', '/etc/xdg/xdg-ubuntu:/etc/xdg'), ('XDG_DATA_DIRS', '/usr/share/ubuntu:/usr/share/gnome:/usr/local/share/:/usr/share/:/var/lib/snapd/desktop'), ('PYTHONPATH', '/opt/ros/humble/lib/python3.10/site-packages:/opt/ros/humble/local/lib/python3.10/dist-packages'), ('COLCON', '1'), ('VTE_VERSION', '6800')]), 'shell': False}
[0.026182] (ugv_sdk) StdoutLine: {'line': b'\x1b[35m\x1b[1mConsolidate compiler generated dependencies of target ugv_sdk\x1b[0m\n'}
[0.027945] (tracer_msgs) StdoutLine: {'line': b'[  1%] \x1b[34m\x1b[1mGenerating C code for ROS interfaces\x1b[0m\n'}
[0.031557] (ugv_sdk) StdoutLine: {'line': b'[  6%] \x1b[32mBuilding CXX object CMakeFiles/ugv_sdk.dir/src/utilities/protocol_detector.cpp.o\x1b[0m\n'}
[0.031648] (ugv_sdk) StdoutLine: {'line': b'[  6%] \x1b[32mBuilding CXX object CMakeFiles/ugv_sdk.dir/src/async_port/async_can.cpp.o\x1b[0m\n'}
[0.031689] (ugv_sdk) StdoutLine: {'line': b'[ 10%] \x1b[32mBuilding CXX object CMakeFiles/ugv_sdk.dir/src/mobile_robot/scout_robot.cpp.o\x1b[0m\n'}
[0.032288] (ugv_sdk) StdoutLine: {'line': b'[ 24%] \x1b[32mBuilding CXX object CMakeFiles/ugv_sdk.dir/src/mobile_robot/tracer_robot.cpp.o\x1b[0m\n'}
[0.032384] (ugv_sdk) StdoutLine: {'line': b'[ 24%] \x1b[32mBuilding CXX object CMakeFiles/ugv_sdk.dir/src/mobile_robot/hunter_robot.cpp.o\x1b[0m\n'}
[0.032426] (ugv_sdk) StdoutLine: {'line': b'[ 24%] \x1b[32mBuilding CXX object CMakeFiles/ugv_sdk.dir/src/mobile_robot/bunker_robot.cpp.o\x1b[0m\n'}
[0.032458] (ugv_sdk) StdoutLine: {'line': b'[ 24%] \x1b[32mBuilding CXX object CMakeFiles/ugv_sdk.dir/src/mobile_robot/ranger_robot.cpp.o\x1b[0m\n'}
[0.032892] (ugv_sdk) StdoutLine: {'line': b'[ 27%] \x1b[32mBuilding CXX object CMakeFiles/ugv_sdk.dir/src/mobile_robot/titan_robot.cpp.o\x1b[0m\n'}
[0.032946] (ugv_sdk) StdoutLine: {'line': b'[ 31%] \x1b[32mBuilding CXX object CMakeFiles/ugv_sdk.dir/src/async_port/async_serial.cpp.o\x1b[0m\n'}
[0.034339] (tracer_msgs) StdoutLine: {'line': b'[  3%] \x1b[34m\x1b[1mGenerating C++ code for ROS interfaces\x1b[0m\n'}
[0.038804] (tracer_msgs) StdoutLine: {'line': b'[  3%] Built target ament_cmake_python_copy_tracer_msgs\n'}
[0.099577] (-) TimerEvent: {}
[0.186927] (tracer_msgs) StdoutLine: {'line': b'running egg_info\n'}
[0.187306] (tracer_msgs) StdoutLine: {'line': b'creating tracer_msgs.egg-info\n'}
[0.187418] (tracer_msgs) StdoutLine: {'line': b'writing tracer_msgs.egg-info/PKG-INFO\n'}
[0.187541] (tracer_msgs) StdoutLine: {'line': b'writing dependency_links to tracer_msgs.egg-info/dependency_links.txt\n'}
[0.187625] (tracer_msgs) StdoutLine: {'line': b'writing top-level names to tracer_msgs.egg-info/top_level.txt\n'}
[0.187710] (tracer_msgs) StdoutLine: {'line': b"writing manifest file 'tracer_msgs.egg-info/SOURCES.txt'\n"}
[0.189308] (tracer_msgs) StdoutLine: {'line': b"reading manifest file 'tracer_msgs.egg-info/SOURCES.txt'\n"}
[0.189632] (tracer_msgs) StdoutLine: {'line': b"writing manifest file 'tracer_msgs.egg-info/SOURCES.txt'\n"}
[0.199681] (-) TimerEvent: {}
[0.212683] (tracer_msgs) StdoutLine: {'line': b'[  3%] Built target ament_cmake_python_build_tracer_msgs_egg\n'}
[0.299757] (-) TimerEvent: {}
[0.360032] (tracer_msgs) StdoutLine: {'line': b'[  3%] Built target tracer_msgs__cpp\n'}
[0.366110] (tracer_msgs) StdoutLine: {'line': b'[  7%] \x1b[34m\x1b[1mGenerating C++ introspection for ROS interfaces\x1b[0m\n'}
[0.366439] (tracer_msgs) StdoutLine: {'line': b'[  7%] \x1b[34m\x1b[1mGenerating C++ type support for eProsima Fast-RTPS\x1b[0m\n'}
[0.366522] (tracer_msgs) StdoutLine: {'line': b'[  7%] \x1b[34m\x1b[1mGenerating C++ type support dispatch for ROS interfaces\x1b[0m\n'}
[0.399869] (-) TimerEvent: {}
[0.400964] (tracer_msgs) StdoutLine: {'line': b'[ 12%] \x1b[32mBuilding C object CMakeFiles/tracer_msgs__rosidl_generator_c.dir/rosidl_generator_c/tracer_msgs/msg/detail/tracer_status__functions.c.o\x1b[0m\n'}
[0.401158] (tracer_msgs) StdoutLine: {'line': b'[ 12%] \x1b[32mBuilding C object CMakeFiles/tracer_msgs__rosidl_generator_c.dir/rosidl_generator_c/tracer_msgs/msg/detail/tracer_rc_state__functions.c.o\x1b[0m\n'}
[0.401234] (tracer_msgs) StdoutLine: {'line': b'[ 12%] \x1b[32mBuilding C object CMakeFiles/tracer_msgs__rosidl_generator_c.dir/rosidl_generator_c/tracer_msgs/msg/detail/tracer_actuator_state__functions.c.o\x1b[0m\n'}
[0.401743] (tracer_msgs) StdoutLine: {'line': b'[ 14%] \x1b[32mBuilding C object CMakeFiles/tracer_msgs__rosidl_generator_c.dir/rosidl_generator_c/tracer_msgs/msg/detail/tracer_light_cmd__functions.c.o\x1b[0m\n'}
[0.402794] (tracer_msgs) StdoutLine: {'line': b'[ 15%] \x1b[32mBuilding C object CMakeFiles/tracer_msgs__rosidl_generator_c.dir/rosidl_generator_c/tracer_msgs/msg/detail/tracer_light_state__functions.c.o\x1b[0m\n'}
[0.453609] (tracer_msgs) StdoutLine: {'line': b'[ 17%] \x1b[32m\x1b[1mLinking C shared library libtracer_msgs__rosidl_generator_c.so\x1b[0m\n'}
[0.481120] (tracer_msgs) StdoutLine: {'line': b'[ 17%] Built target tracer_msgs__rosidl_generator_c\n'}
[0.487991] (tracer_msgs) StdoutLine: {'line': b'[ 22%] \x1b[34m\x1b[1mGenerating C type support for eProsima Fast-RTPS\x1b[0m\n'}
[0.488163] (tracer_msgs) StdoutLine: {'line': b'[ 22%] \x1b[34m\x1b[1mGenerating C type support dispatch for ROS interfaces\x1b[0m\n'}
[0.488232] (tracer_msgs) StdoutLine: {'line': b'[ 22%] \x1b[34m\x1b[1mGenerating C introspection for ROS interfaces\x1b[0m\n'}
[0.499942] (-) TimerEvent: {}
[0.600250] (-) TimerEvent: {}
[0.660195] (tracer_msgs) StdoutLine: {'line': b'[ 23%] \x1b[32mBuilding CXX object CMakeFiles/tracer_msgs__rosidl_typesupport_cpp.dir/rosidl_typesupport_cpp/tracer_msgs/msg/tracer_light_cmd__type_support.cpp.o\x1b[0m\n'}
[0.662182] (tracer_msgs) StdoutLine: {'line': b'[ 26%] \x1b[32mBuilding CXX object CMakeFiles/tracer_msgs__rosidl_typesupport_cpp.dir/rosidl_typesupport_cpp/tracer_msgs/msg/tracer_rc_state__type_support.cpp.o\x1b[0m\n'}
[0.662382] (tracer_msgs) StdoutLine: {'line': b'[ 26%] \x1b[32mBuilding CXX object CMakeFiles/tracer_msgs__rosidl_typesupport_cpp.dir/rosidl_typesupport_cpp/tracer_msgs/msg/tracer_status__type_support.cpp.o\x1b[0m\n'}
[0.663061] (tracer_msgs) StdoutLine: {'line': b'[ 28%] \x1b[32mBuilding CXX object CMakeFiles/tracer_msgs__rosidl_typesupport_cpp.dir/rosidl_typesupport_cpp/tracer_msgs/msg/tracer_light_state__type_support.cpp.o\x1b[0m\n'}
[0.663228] (tracer_msgs) StdoutLine: {'line': b'[ 30%] \x1b[32mBuilding CXX object CMakeFiles/tracer_msgs__rosidl_typesupport_cpp.dir/rosidl_typesupport_cpp/tracer_msgs/msg/tracer_actuator_state__type_support.cpp.o\x1b[0m\n'}
[0.700391] (-) TimerEvent: {}
[0.707799] (tracer_msgs) StdoutLine: {'line': b'[ 31%] \x1b[32mBuilding CXX object CMakeFiles/tracer_msgs__rosidl_typesupport_fastrtps_cpp.dir/rosidl_typesupport_fastrtps_cpp/tracer_msgs/msg/detail/dds_fastrtps/tracer_status__type_support.cpp.o\x1b[0m\n'}
[0.708176] (tracer_msgs) StdoutLine: {'line': b'[ 34%] \x1b[32mBuilding CXX object CMakeFiles/tracer_msgs__rosidl_typesupport_fastrtps_cpp.dir/rosidl_typesupport_fastrtps_cpp/tracer_msgs/msg/detail/dds_fastrtps/tracer_actuator_state__type_support.cpp.o\x1b[0m\n'}
[0.708310] (tracer_msgs) StdoutLine: {'line': b'[ 34%] \x1b[32mBuilding CXX object CMakeFiles/tracer_msgs__rosidl_typesupport_fastrtps_cpp.dir/rosidl_typesupport_fastrtps_cpp/tracer_msgs/msg/detail/dds_fastrtps/tracer_light_cmd__type_support.cpp.o\x1b[0m\n'}
[0.709466] (tracer_msgs) StdoutLine: {'line': b'[ 36%] \x1b[32mBuilding CXX object CMakeFiles/tracer_msgs__rosidl_typesupport_fastrtps_cpp.dir/rosidl_typesupport_fastrtps_cpp/tracer_msgs/msg/detail/dds_fastrtps/tracer_light_state__type_support.cpp.o\x1b[0m\n'}
[0.709700] (tracer_msgs) StdoutLine: {'line': b'[ 38%] \x1b[32mBuilding CXX object CMakeFiles/tracer_msgs__rosidl_typesupport_fastrtps_cpp.dir/rosidl_typesupport_fastrtps_cpp/tracer_msgs/msg/detail/dds_fastrtps/tracer_rc_state__type_support.cpp.o\x1b[0m\n'}
[0.717662] (tracer_msgs) StdoutLine: {'line': b'[ 41%] \x1b[32mBuilding CXX object CMakeFiles/tracer_msgs__rosidl_typesupport_introspection_cpp.dir/rosidl_typesupport_introspection_cpp/tracer_msgs/msg/detail/tracer_light_cmd__type_support.cpp.o\x1b[0m\n'}
[0.717908] (tracer_msgs) StdoutLine: {'line': b'[ 41%] \x1b[32mBuilding CXX object CMakeFiles/tracer_msgs__rosidl_typesupport_introspection_cpp.dir/rosidl_typesupport_introspection_cpp/tracer_msgs/msg/detail/tracer_light_state__type_support.cpp.o\x1b[0m\n'}
[0.718340] (tracer_msgs) StdoutLine: {'line': b'[ 46%] \x1b[32mBuilding CXX object CMakeFiles/tracer_msgs__rosidl_typesupport_introspection_cpp.dir/rosidl_typesupport_introspection_cpp/tracer_msgs/msg/detail/tracer_status__type_support.cpp.o\x1b[0m\n'}
[0.718530] (tracer_msgs) StdoutLine: {'line': b'[ 46%] \x1b[32mBuilding CXX object CMakeFiles/tracer_msgs__rosidl_typesupport_introspection_cpp.dir/rosidl_typesupport_introspection_cpp/tracer_msgs/msg/detail/tracer_rc_state__type_support.cpp.o\x1b[0m\n'}
[0.718611] (tracer_msgs) StdoutLine: {'line': b'[ 46%] \x1b[32mBuilding CXX object CMakeFiles/tracer_msgs__rosidl_typesupport_introspection_cpp.dir/rosidl_typesupport_introspection_cpp/tracer_msgs/msg/detail/tracer_actuator_state__type_support.cpp.o\x1b[0m\n'}
[0.800505] (-) TimerEvent: {}
[0.817235] (tracer_msgs) StdoutLine: {'line': b'[ 47%] \x1b[32mBuilding CXX object CMakeFiles/tracer_msgs__rosidl_typesupport_c.dir/rosidl_typesupport_c/tracer_msgs/msg/tracer_rc_state__type_support.cpp.o\x1b[0m\n'}
[0.818323] (tracer_msgs) StdoutLine: {'line': b'[ 53%] \x1b[32mBuilding CXX object CMakeFiles/tracer_msgs__rosidl_typesupport_c.dir/rosidl_typesupport_c/tracer_msgs/msg/tracer_status__type_support.cpp.o\x1b[0m\n'}
[0.818656] (tracer_msgs) StdoutLine: {'line': b'[ 53%] \x1b[32mBuilding CXX object CMakeFiles/tracer_msgs__rosidl_typesupport_c.dir/rosidl_typesupport_c/tracer_msgs/msg/tracer_light_cmd__type_support.cpp.o\x1b[0m\n'}
[0.818763] (tracer_msgs) StdoutLine: {'line': b'[ 53%] \x1b[32mBuilding CXX object CMakeFiles/tracer_msgs__rosidl_typesupport_c.dir/rosidl_typesupport_c/tracer_msgs/msg/tracer_light_state__type_support.cpp.o\x1b[0m\n'}
[0.818834] (tracer_msgs) StdoutLine: {'line': b'[ 53%] \x1b[32mBuilding CXX object CMakeFiles/tracer_msgs__rosidl_typesupport_c.dir/rosidl_typesupport_c/tracer_msgs/msg/tracer_actuator_state__type_support.cpp.o\x1b[0m\n'}
[0.857112] (tracer_msgs) StdoutLine: {'line': b'[ 55%] \x1b[32m\x1b[1mLinking CXX shared library libtracer_msgs__rosidl_typesupport_c.so\x1b[0m\n'}
[0.862561] (tracer_msgs) StdoutLine: {'line': b'[ 60%] \x1b[32mBuilding C object CMakeFiles/tracer_msgs__rosidl_typesupport_introspection_c.dir/rosidl_typesupport_introspection_c/tracer_msgs/msg/detail/tracer_light_state__type_support.c.o\x1b[0m\n'}
[0.863597] (tracer_msgs) StdoutLine: {'line': b'[ 60%] \x1b[32mBuilding C object CMakeFiles/tracer_msgs__rosidl_typesupport_introspection_c.dir/rosidl_typesupport_introspection_c/tracer_msgs/msg/detail/tracer_light_cmd__type_support.c.o\x1b[0m\n'}
[0.863748] (tracer_msgs) StdoutLine: {'line': b'[ 60%] \x1b[32mBuilding C object CMakeFiles/tracer_msgs__rosidl_typesupport_introspection_c.dir/rosidl_typesupport_introspection_c/tracer_msgs/msg/detail/tracer_rc_state__type_support.c.o\x1b[0m\n'}
[0.863820] (tracer_msgs) StdoutLine: {'line': b'[ 61%] \x1b[32mBuilding C object CMakeFiles/tracer_msgs__rosidl_typesupport_introspection_c.dir/rosidl_typesupport_introspection_c/tracer_msgs/msg/detail/tracer_actuator_state__type_support.c.o\x1b[0m\n'}
[0.864599] (tracer_msgs) StdoutLine: {'line': b'[ 63%] \x1b[32mBuilding C object CMakeFiles/tracer_msgs__rosidl_typesupport_introspection_c.dir/rosidl_typesupport_introspection_c/tracer_msgs/msg/detail/tracer_status__type_support.c.o\x1b[0m\n'}
[0.900653] (-) TimerEvent: {}
[0.909317] (tracer_msgs) StdoutLine: {'line': b'[ 63%] Built target tracer_msgs__rosidl_typesupport_c\n'}
[0.918308] (tracer_msgs) StdoutLine: {'line': b'[ 65%] \x1b[32m\x1b[1mLinking C shared library libtracer_msgs__rosidl_typesupport_introspection_c.so\x1b[0m\n'}
[0.923950] (tracer_msgs) StdoutLine: {'line': b'[ 66%] \x1b[32mBuilding CXX object CMakeFiles/tracer_msgs__rosidl_typesupport_fastrtps_c.dir/rosidl_typesupport_fastrtps_c/tracer_msgs/msg/detail/tracer_actuator_state__type_support_c.cpp.o\x1b[0m\n'}
[0.924366] (ugv_sdk) StderrLine: {'line': b'In file included from \x1b[01m\x1b[K/home/jacky/movecar_ws/src/ugv_sdk-main/src/mobile_robot/bunker_robot.cpp:11\x1b[m\x1b[K:\n'}
[0.924477] (ugv_sdk) StderrLine: {'line': b'\x1b[01m\x1b[K/home/jacky/movecar_ws/src/ugv_sdk-main/include/ugv_sdk/details/robot_base/bunker_base.hpp:\x1b[m\x1b[K In member function \xe2\x80\x98\x1b[01m\x1b[Kwestonrobot::BunkerActuatorState westonrobot::BunkerBase<ParserType>::GetActuatorState() [with ParserType = westonrobot::ProtocolV2Parser]\x1b[m\x1b[K\xe2\x80\x99:\n'}
[0.924547] (ugv_sdk) StderrLine: {'line': b'\x1b[01m\x1b[K/home/jacky/movecar_ws/src/ugv_sdk-main/include/ugv_sdk/details/robot_base/bunker_base.hpp:59:7:\x1b[m\x1b[K \x1b[01;35m\x1b[Kwarning: \x1b[m\x1b[Kiteration 2 invokes undefined behavior [\x1b[01;35m\x1b[K\x1b]8;;https://gcc.gnu.org/onlinedocs/gcc/Warning-Options.html#index-Waggressive-loop-optimizations\x07-Waggressive-loop-optimizations\x1b]8;;\x07\x1b[m\x1b[K]\n'}
[0.924601] (ugv_sdk) StderrLine: {'line': b'   59 |       \x1b[01;35m\x1b[Kbunker_actuator\x1b[m\x1b[K.actuator_state[i] = actuator.actuator_state[i];\n'}
[0.924650] (ugv_sdk) StderrLine: {'line': b'      |       \x1b[01;35m\x1b[K^~~~~~~~~~~~~~~\x1b[m\x1b[K\n'}
[0.924687] (ugv_sdk) StderrLine: {'line': b'\x1b[01m\x1b[K/home/jacky/movecar_ws/src/ugv_sdk-main/include/ugv_sdk/details/robot_base/bunker_base.hpp:56:23:\x1b[m\x1b[K \x1b[01;36m\x1b[Knote: \x1b[m\x1b[Kwithin this loop\n'}
[0.924723] (ugv_sdk) StderrLine: {'line': b'   56 |     for (int i = 0; \x1b[01;36m\x1b[Ki < 3\x1b[m\x1b[K; ++i) {\n'}
[0.924760] (ugv_sdk) StderrLine: {'line': b'      |                     \x1b[01;36m\x1b[K~~^~~\x1b[m\x1b[K\n'}
[0.925441] (tracer_msgs) StdoutLine: {'line': b'[ 68%] \x1b[32mBuilding CXX object CMakeFiles/tracer_msgs__rosidl_typesupport_fastrtps_c.dir/rosidl_typesupport_fastrtps_c/tracer_msgs/msg/detail/tracer_light_state__type_support_c.cpp.o\x1b[0m\n'}
[0.925627] (tracer_msgs) StdoutLine: {'line': b'[ 73%] \x1b[32mBuilding CXX object CMakeFiles/tracer_msgs__rosidl_typesupport_fastrtps_c.dir/rosidl_typesupport_fastrtps_c/tracer_msgs/msg/detail/tracer_light_cmd__type_support_c.cpp.o\x1b[0m\n'}
[0.925694] (tracer_msgs) StdoutLine: {'line': b'[ 73%] \x1b[32mBuilding CXX object CMakeFiles/tracer_msgs__rosidl_typesupport_fastrtps_c.dir/rosidl_typesupport_fastrtps_c/tracer_msgs/msg/detail/tracer_status__type_support_c.cpp.o\x1b[0m\n'}
[0.925757] (tracer_msgs) StdoutLine: {'line': b'[ 73%] \x1b[32mBuilding CXX object CMakeFiles/tracer_msgs__rosidl_typesupport_fastrtps_c.dir/rosidl_typesupport_fastrtps_c/tracer_msgs/msg/detail/tracer_rc_state__type_support_c.cpp.o\x1b[0m\n'}
[0.927644] (tracer_msgs) StdoutLine: {'line': b'[ 74%] \x1b[32m\x1b[1mLinking CXX shared library libtracer_msgs__rosidl_typesupport_cpp.so\x1b[0m\n'}
[0.929789] (ugv_sdk) StderrLine: {'line': b'\x1b[01m\x1b[K/home/jacky/movecar_ws/src/ugv_sdk-main/include/ugv_sdk/details/robot_base/bunker_base.hpp:\x1b[m\x1b[K In member function \xe2\x80\x98\x1b[01m\x1b[Kwestonrobot::BunkerActuatorState westonrobot::BunkerBase<ParserType>::GetActuatorState() [with ParserType = westonrobot::ProtocolV1Parser<westonrobot::BunkerLimits>]\x1b[m\x1b[K\xe2\x80\x99:\n'}
[0.929929] (ugv_sdk) StderrLine: {'line': b'\x1b[01m\x1b[K/home/jacky/movecar_ws/src/ugv_sdk-main/include/ugv_sdk/details/robot_base/bunker_base.hpp:59:7:\x1b[m\x1b[K \x1b[01;35m\x1b[Kwarning: \x1b[m\x1b[Kiteration 2 invokes undefined behavior [\x1b[01;35m\x1b[K\x1b]8;;https://gcc.gnu.org/onlinedocs/gcc/Warning-Options.html#index-Waggressive-loop-optimizations\x07-Waggressive-loop-optimizations\x1b]8;;\x07\x1b[m\x1b[K]\n'}
[0.929996] (ugv_sdk) StderrLine: {'line': b'   59 |       \x1b[01;35m\x1b[Kbunker_actuator\x1b[m\x1b[K.actuator_state[i] = actuator.actuator_state[i];\n'}
[0.930058] (ugv_sdk) StderrLine: {'line': b'      |       \x1b[01;35m\x1b[K^~~~~~~~~~~~~~~\x1b[m\x1b[K\n'}
[0.930106] (ugv_sdk) StderrLine: {'line': b'\x1b[01m\x1b[K/home/jacky/movecar_ws/src/ugv_sdk-main/include/ugv_sdk/details/robot_base/bunker_base.hpp:56:23:\x1b[m\x1b[K \x1b[01;36m\x1b[Knote: \x1b[m\x1b[Kwithin this loop\n'}
[0.930154] (ugv_sdk) StderrLine: {'line': b'   56 |     for (int i = 0; \x1b[01;36m\x1b[Ki < 3\x1b[m\x1b[K; ++i) {\n'}
[0.930199] (ugv_sdk) StderrLine: {'line': b'      |                     \x1b[01;36m\x1b[K~~^~~\x1b[m\x1b[K\n'}
[0.948356] (tracer_msgs) StdoutLine: {'line': b'[ 74%] Built target tracer_msgs__rosidl_typesupport_introspection_c\n'}
[0.975500] (tracer_msgs) StdoutLine: {'line': b'[ 74%] Built target tracer_msgs__rosidl_typesupport_cpp\n'}
[1.000794] (-) TimerEvent: {}
[1.101232] (-) TimerEvent: {}
[1.121004] (tracer_msgs) StdoutLine: {'line': b'[ 76%] \x1b[32m\x1b[1mLinking CXX shared library libtracer_msgs__rosidl_typesupport_introspection_cpp.so\x1b[0m\n'}
[1.133411] (tracer_msgs) StdoutLine: {'line': b'[ 77%] \x1b[32m\x1b[1mLinking CXX shared library libtracer_msgs__rosidl_typesupport_fastrtps_cpp.so\x1b[0m\n'}
[1.148555] (ugv_sdk) StderrLine: {'line': b'\x1b[01m\x1b[K/home/jacky/movecar_ws/src/ugv_sdk-main/include/ugv_sdk/details/robot_base/bunker_base.hpp:\x1b[m\x1b[K In member function \xe2\x80\x98\x1b[01m\x1b[Kwestonrobot::BunkerActuatorState westonrobot::BunkerBase<ParserType>::GetActuatorState() [with ParserType = westonrobot::ProtocolV2Parser]\x1b[m\x1b[K\xe2\x80\x99:\n'}
[1.148825] (ugv_sdk) StderrLine: {'line': b'\x1b[01m\x1b[K/home/jacky/movecar_ws/src/ugv_sdk-main/include/ugv_sdk/details/robot_base/bunker_base.hpp:59:7:\x1b[m\x1b[K \x1b[01;35m\x1b[Kwarning: \x1b[m\x1b[K\xe2\x80\x98\x1b[01m\x1b[Kvoid* __builtin_memcpy(void*, const void*, long unsigned int)\x1b[m\x1b[K\xe2\x80\x99 writing 60 bytes into a region of size 40 overflows the destination [\x1b[01;35m\x1b[K\x1b]8;;https://gcc.gnu.org/onlinedocs/gcc/Warning-Options.html#index-Wstringop-overflow=\x07-Wstringop-overflow=\x1b]8;;\x07\x1b[m\x1b[K]\n'}
[1.148913] (ugv_sdk) StderrLine: {'line': b'   59 |       \x1b[01;35m\x1b[Kbunker_actuator\x1b[m\x1b[K.actuator_state[i] = actuator.actuator_state[i];\n'}
[1.148967] (ugv_sdk) StderrLine: {'line': b'      |       \x1b[01;35m\x1b[K^~~~~~~~~~~~~~~\x1b[m\x1b[K\n'}
[1.149018] (ugv_sdk) StderrLine: {'line': b'\x1b[01m\x1b[K/home/jacky/movecar_ws/src/ugv_sdk-main/include/ugv_sdk/details/robot_base/bunker_base.hpp:51:23:\x1b[m\x1b[K \x1b[01;36m\x1b[Knote: \x1b[m\x1b[Kat offset 104 into destination object \xe2\x80\x98\x1b[01m\x1b[K\xe2\x80\x98result_decl\xe2\x80\x99 not supported by dump_expr<expression error>\x1b[m\x1b[K\xe2\x80\x99 of size 144\n'}
[1.149070] (ugv_sdk) StderrLine: {'line': b'   51 |   BunkerActuatorState \x1b[01;36m\x1b[KGetActuatorState\x1b[m\x1b[K() override {\n'}
[1.149117] (ugv_sdk) StderrLine: {'line': b'      |                       \x1b[01;36m\x1b[K^~~~~~~~~~~~~~~~\x1b[m\x1b[K\n'}
[1.152753] (ugv_sdk) StderrLine: {'line': b'\x1b[01m\x1b[K/home/jacky/movecar_ws/src/ugv_sdk-main/include/ugv_sdk/details/robot_base/bunker_base.hpp:\x1b[m\x1b[K In member function \xe2\x80\x98\x1b[01m\x1b[Kwestonrobot::BunkerActuatorState westonrobot::BunkerBase<ParserType>::GetActuatorState() [with ParserType = westonrobot::ProtocolV1Parser<westonrobot::BunkerLimits>]\x1b[m\x1b[K\xe2\x80\x99:\n'}
[1.152948] (ugv_sdk) StderrLine: {'line': b'\x1b[01m\x1b[K/home/jacky/movecar_ws/src/ugv_sdk-main/include/ugv_sdk/details/robot_base/bunker_base.hpp:59:7:\x1b[m\x1b[K \x1b[01;35m\x1b[Kwarning: \x1b[m\x1b[K\xe2\x80\x98\x1b[01m\x1b[Kvoid* __builtin_memcpy(void*, const void*, long unsigned int)\x1b[m\x1b[K\xe2\x80\x99 writing 60 bytes into a region of size 40 overflows the destination [\x1b[01;35m\x1b[K\x1b]8;;https://gcc.gnu.org/onlinedocs/gcc/Warning-Options.html#index-Wstringop-overflow=\x07-Wstringop-overflow=\x1b]8;;\x07\x1b[m\x1b[K]\n'}
[1.153024] (ugv_sdk) StderrLine: {'line': b'   59 |       \x1b[01;35m\x1b[Kbunker_actuator\x1b[m\x1b[K.actuator_state[i] = actuator.actuator_state[i];\n'}
[1.153080] (ugv_sdk) StderrLine: {'line': b'      |       \x1b[01;35m\x1b[K^~~~~~~~~~~~~~~\x1b[m\x1b[K\n'}
[1.153126] (ugv_sdk) StderrLine: {'line': b'\x1b[01m\x1b[K/home/jacky/movecar_ws/src/ugv_sdk-main/include/ugv_sdk/details/robot_base/bunker_base.hpp:51:23:\x1b[m\x1b[K \x1b[01;36m\x1b[Knote: \x1b[m\x1b[Kat offset 104 into destination object \xe2\x80\x98\x1b[01m\x1b[K\xe2\x80\x98result_decl\xe2\x80\x99 not supported by dump_expr<expression error>\x1b[m\x1b[K\xe2\x80\x99 of size 144\n'}
[1.153175] (ugv_sdk) StderrLine: {'line': b'   51 |   BunkerActuatorState \x1b[01;36m\x1b[KGetActuatorState\x1b[m\x1b[K() override {\n'}
[1.153221] (ugv_sdk) StderrLine: {'line': b'      |                       \x1b[01;36m\x1b[K^~~~~~~~~~~~~~~~\x1b[m\x1b[K\n'}
[1.172742] (tracer_msgs) StdoutLine: {'line': b'[ 77%] Built target tracer_msgs__rosidl_typesupport_introspection_cpp\n'}
[1.185487] (tracer_msgs) StdoutLine: {'line': b'[ 77%] Built target tracer_msgs__rosidl_typesupport_fastrtps_cpp\n'}
[1.201315] (-) TimerEvent: {}
[1.206567] (tracer_msgs) StdoutLine: {'line': b'[ 79%] \x1b[32m\x1b[1mLinking CXX shared library libtracer_msgs__rosidl_typesupport_fastrtps_c.so\x1b[0m\n'}
[1.246364] (tracer_msgs) StdoutLine: {'line': b'[ 79%] Built target tracer_msgs__rosidl_typesupport_fastrtps_c\n'}
[1.254964] (tracer_msgs) StdoutLine: {'line': b'[ 79%] Built target tracer_msgs\n'}
[1.265332] (tracer_msgs) StdoutLine: {'line': b'[ 80%] \x1b[34m\x1b[1mGenerating Python code for ROS interfaces\x1b[0m\n'}
[1.301415] (-) TimerEvent: {}
[1.401746] (-) TimerEvent: {}
[1.502169] (-) TimerEvent: {}
[1.602671] (-) TimerEvent: {}
[1.632277] (tracer_msgs) StdoutLine: {'line': b'[ 80%] Built target tracer_msgs__py\n'}
[1.640618] (tracer_msgs) StdoutLine: {'line': b'[ 84%] \x1b[32mBuilding C object CMakeFiles/tracer_msgs__rosidl_generator_py.dir/rosidl_generator_py/tracer_msgs/msg/_tracer_actuator_state_s.c.o\x1b[0m\n'}
[1.640745] (tracer_msgs) StdoutLine: {'line': b'[ 84%] \x1b[32mBuilding C object CMakeFiles/tracer_msgs__rosidl_generator_py.dir/rosidl_generator_py/tracer_msgs/msg/_tracer_light_cmd_s.c.o\x1b[0m\n'}
[1.641494] (tracer_msgs) StdoutLine: {'line': b'[ 85%] \x1b[32mBuilding C object CMakeFiles/tracer_msgs__rosidl_generator_py.dir/rosidl_generator_py/tracer_msgs/msg/_tracer_rc_state_s.c.o\x1b[0m\n'}
[1.641567] (tracer_msgs) StdoutLine: {'line': b'[ 87%] \x1b[32mBuilding C object CMakeFiles/tracer_msgs__rosidl_generator_py.dir/rosidl_generator_py/tracer_msgs/msg/_tracer_light_state_s.c.o\x1b[0m\n'}
[1.641734] (tracer_msgs) StdoutLine: {'line': b'[ 88%] \x1b[32mBuilding C object CMakeFiles/tracer_msgs__rosidl_generator_py.dir/rosidl_generator_py/tracer_msgs/msg/_tracer_status_s.c.o\x1b[0m\n'}
[1.702761] (-) TimerEvent: {}
[1.709339] (tracer_msgs) StdoutLine: {'line': b'[ 90%] \x1b[32m\x1b[1mLinking C shared library rosidl_generator_py/tracer_msgs/libtracer_msgs__rosidl_generator_py.so\x1b[0m\n'}
[1.729161] (tracer_msgs) StdoutLine: {'line': b'[ 90%] Built target tracer_msgs__rosidl_generator_py\n'}
[1.737547] (tracer_msgs) StdoutLine: {'line': b'[ 92%] \x1b[32mBuilding C object CMakeFiles/tracer_msgs__rosidl_typesupport_introspection_c__pyext.dir/rosidl_generator_py/tracer_msgs/_tracer_msgs_s.ep.rosidl_typesupport_introspection_c.c.o\x1b[0m\n'}
[1.737679] (tracer_msgs) StdoutLine: {'line': b'[ 93%] \x1b[32mBuilding C object CMakeFiles/tracer_msgs__rosidl_typesupport_fastrtps_c__pyext.dir/rosidl_generator_py/tracer_msgs/_tracer_msgs_s.ep.rosidl_typesupport_fastrtps_c.c.o\x1b[0m\n'}
[1.739814] (tracer_msgs) StdoutLine: {'line': b'[ 95%] \x1b[32mBuilding C object CMakeFiles/tracer_msgs__rosidl_typesupport_c__pyext.dir/rosidl_generator_py/tracer_msgs/_tracer_msgs_s.ep.rosidl_typesupport_c.c.o\x1b[0m\n'}
[1.792394] (tracer_msgs) StdoutLine: {'line': b'[ 96%] \x1b[32m\x1b[1mLinking C shared library rosidl_generator_py/tracer_msgs/tracer_msgs_s__rosidl_typesupport_fastrtps_c.cpython-310-x86_64-linux-gnu.so\x1b[0m\n'}
[1.792887] (tracer_msgs) StdoutLine: {'line': b'[100%] \x1b[32m\x1b[1mLinking C shared library rosidl_generator_py/tracer_msgs/tracer_msgs_s__rosidl_typesupport_c.cpython-310-x86_64-linux-gnu.so\x1b[0m\n'}
[1.792933] (tracer_msgs) StdoutLine: {'line': b'[100%] \x1b[32m\x1b[1mLinking C shared library rosidl_generator_py/tracer_msgs/tracer_msgs_s__rosidl_typesupport_introspection_c.cpython-310-x86_64-linux-gnu.so\x1b[0m\n'}
[1.802846] (-) TimerEvent: {}
[1.809038] (tracer_msgs) StdoutLine: {'line': b'[100%] Built target tracer_msgs__rosidl_typesupport_fastrtps_c__pyext\n'}
[1.809527] (tracer_msgs) StdoutLine: {'line': b'[100%] Built target tracer_msgs__rosidl_typesupport_introspection_c__pyext\n'}
[1.809702] (tracer_msgs) StdoutLine: {'line': b'[100%] Built target tracer_msgs__rosidl_typesupport_c__pyext\n'}
[1.815338] (tracer_msgs) CommandEnded: {'returncode': 0}
[1.816155] (tracer_msgs) JobProgress: {'identifier': 'tracer_msgs', 'progress': 'install'}
[1.819769] (tracer_msgs) Command: {'cmd': ['/usr/bin/cmake', '--install', '/home/jacky/movecar_ws/build/tracer_msgs'], 'cwd': '/home/jacky/movecar_ws/build/tracer_msgs', 'env': OrderedDict([('LESSOPEN', '| /usr/bin/lesspipe %s'), ('LANGUAGE', 'zh_CN:zh'), ('USER', 'jacky'), ('XDG_SESSION_TYPE', 'x11'), ('SHLVL', '1'), ('LD_LIBRARY_PATH', '/usr/lib/x86_64-linux-gnu/gazebo-11/plugins:/opt/ros/humble/opt/rviz_ogre_vendor/lib:/opt/ros/humble/lib/x86_64-linux-gnu:/opt/ros/humble/lib'), ('HOME', '/home/jacky'), ('OLDPWD', '/home/jacky'), ('DESKTOP_SESSION', 'ubuntu'), ('ROS_PYTHON_VERSION', '3'), ('GNOME_SHELL_SESSION_MODE', 'ubuntu'), ('GTK_MODULES', 'gail:atk-bridge'), ('SYSTEMD_EXEC_PID', '2019'), ('DBUS_SESSION_BUS_ADDRESS', 'unix:path=/run/user/1000/bus'), ('COLORTERM', 'truecolor'), ('ROS_DISTRO', 'humble'), ('GTK_IM_MODULE', 'ibus'), ('LOGNAME', 'jacky'), ('_', '/usr/bin/colcon'), ('ROS_VERSION', '2'), ('XDG_SESSION_CLASS', 'user'), ('USERNAME', 'jacky'), ('TERM', 'xterm-256color'), ('GNOME_DESKTOP_SESSION_ID', 'this-is-deprecated'), ('ROS_LOCALHOST_ONLY', '0'), ('WINDOWPATH', '2'), ('PATH', '/opt/ros/humble/bin:/home/jacky/.local/bin:/usr/local/sbin:/usr/local/bin:/usr/sbin:/usr/bin:/sbin:/bin:/usr/games:/usr/local/games:/snap/bin:/snap/bin'), ('SESSION_MANAGER', 'local/jacky-CANGLONG-Series:@/tmp/.ICE-unix/1768,unix/jacky-CANGLONG-Series:/tmp/.ICE-unix/1768'), ('XDG_MENU_PREFIX', 'gnome-'), ('GNOME_TERMINAL_SCREEN', '/org/gnome/Terminal/screen/eff170ea_b423_4083_994d_7c54a750d5a7'), ('XDG_RUNTIME_DIR', '/run/user/1000'), ('DISPLAY', ':0'), ('LANG', 'zh_CN.UTF-8'), ('XDG_CURRENT_DESKTOP', 'ubuntu:GNOME'), ('XMODIFIERS', '@im=ibus'), ('XDG_SESSION_DESKTOP', 'ubuntu'), ('XAUTHORITY', '/run/user/1000/gdm/Xauthority'), ('LS_COLORS', 'rs=0:di=01;34:ln=01;36:mh=00:pi=40;33:so=01;35:do=01;35:bd=40;33;01:cd=40;33;01:or=40;31;01:mi=00:su=37;41:sg=30;43:ca=30;41:tw=30;42:ow=34;42:st=37;44:ex=01;32:*.tar=01;31:*.tgz=01;31:*.arc=01;31:*.arj=01;31:*.taz=01;31:*.lha=01;31:*.lz4=01;31:*.lzh=01;31:*.lzma=01;31:*.tlz=01;31:*.txz=01;31:*.tzo=01;31:*.t7z=01;31:*.zip=01;31:*.z=01;31:*.dz=01;31:*.gz=01;31:*.lrz=01;31:*.lz=01;31:*.lzo=01;31:*.xz=01;31:*.zst=01;31:*.tzst=01;31:*.bz2=01;31:*.bz=01;31:*.tbz=01;31:*.tbz2=01;31:*.tz=01;31:*.deb=01;31:*.rpm=01;31:*.jar=01;31:*.war=01;31:*.ear=01;31:*.sar=01;31:*.rar=01;31:*.alz=01;31:*.ace=01;31:*.zoo=01;31:*.cpio=01;31:*.7z=01;31:*.rz=01;31:*.cab=01;31:*.wim=01;31:*.swm=01;31:*.dwm=01;31:*.esd=01;31:*.jpg=01;35:*.jpeg=01;35:*.mjpg=01;35:*.mjpeg=01;35:*.gif=01;35:*.bmp=01;35:*.pbm=01;35:*.pgm=01;35:*.ppm=01;35:*.tga=01;35:*.xbm=01;35:*.xpm=01;35:*.tif=01;35:*.tiff=01;35:*.png=01;35:*.svg=01;35:*.svgz=01;35:*.mng=01;35:*.pcx=01;35:*.mov=01;35:*.mpg=01;35:*.mpeg=01;35:*.m2v=01;35:*.mkv=01;35:*.webm=01;35:*.webp=01;35:*.ogm=01;35:*.mp4=01;35:*.m4v=01;35:*.mp4v=01;35:*.vob=01;35:*.qt=01;35:*.nuv=01;35:*.wmv=01;35:*.asf=01;35:*.rm=01;35:*.rmvb=01;35:*.flc=01;35:*.avi=01;35:*.fli=01;35:*.flv=01;35:*.gl=01;35:*.dl=01;35:*.xcf=01;35:*.xwd=01;35:*.yuv=01;35:*.cgm=01;35:*.emf=01;35:*.ogv=01;35:*.ogx=01;35:*.aac=00;36:*.au=00;36:*.flac=00;36:*.m4a=00;36:*.mid=00;36:*.midi=00;36:*.mka=00;36:*.mp3=00;36:*.mpc=00;36:*.ogg=00;36:*.ra=00;36:*.wav=00;36:*.oga=00;36:*.opus=00;36:*.spx=00;36:*.xspf=00;36:'), ('GNOME_TERMINAL_SERVICE', ':1.110'), ('SSH_AGENT_LAUNCHER', 'gnome-keyring'), ('SSH_AUTH_SOCK', '/run/user/1000/keyring/ssh'), ('AMENT_PREFIX_PATH', '/opt/ros/humble'), ('SHELL', '/bin/bash'), ('QT_ACCESSIBILITY', '1'), ('GDMSESSION', 'ubuntu'), ('LESSCLOSE', '/usr/bin/lesspipe %s %s'), ('GPG_AGENT_INFO', '/run/user/1000/gnupg/S.gpg-agent:0:1'), ('QT_IM_MODULE', 'ibus'), ('PWD', '/home/jacky/movecar_ws/build/tracer_msgs'), ('XDG_CONFIG_DIRS', '/etc/xdg/xdg-ubuntu:/etc/xdg'), ('XDG_DATA_DIRS', '/usr/share/ubuntu:/usr/share/gnome:/usr/local/share/:/usr/share/:/var/lib/snapd/desktop'), ('PYTHONPATH', '/opt/ros/humble/lib/python3.10/site-packages:/opt/ros/humble/local/lib/python3.10/dist-packages'), ('COLCON', '1'), ('VTE_VERSION', '6800'), ('CMAKE_PREFIX_PATH', '/opt/ros/humble')]), 'shell': False}
[1.822925] (tracer_msgs) StdoutLine: {'line': b'-- Install configuration: ""\n'}
[1.823044] (tracer_msgs) StdoutLine: {'line': b'-- Installing: /home/jacky/movecar_ws/install/tracer_msgs/share/ament_index/resource_index/rosidl_interfaces/tracer_msgs\n'}
[1.823144] (tracer_msgs) StdoutLine: {'line': b'-- Installing: /home/jacky/movecar_ws/install/tracer_msgs/include/tracer_msgs/tracer_msgs\n'}
[1.823241] (tracer_msgs) StdoutLine: {'line': b'-- Installing: /home/jacky/movecar_ws/install/tracer_msgs/include/tracer_msgs/tracer_msgs/msg\n'}
[1.823344] (tracer_msgs) StdoutLine: {'line': b'-- Installing: /home/jacky/movecar_ws/install/tracer_msgs/include/tracer_msgs/tracer_msgs/msg/rosidl_generator_c__visibility_control.h\n'}
[1.823445] (tracer_msgs) StdoutLine: {'line': b'-- Installing: /home/jacky/movecar_ws/install/tracer_msgs/include/tracer_msgs/tracer_msgs/msg/tracer_status.h\n'}
[1.823536] (tracer_msgs) StdoutLine: {'line': b'-- Installing: /home/jacky/movecar_ws/install/tracer_msgs/include/tracer_msgs/tracer_msgs/msg/tracer_rc_state.h\n'}
[1.823619] (tracer_msgs) StdoutLine: {'line': b'-- Installing: /home/jacky/movecar_ws/install/tracer_msgs/include/tracer_msgs/tracer_msgs/msg/tracer_actuator_state.h\n'}
[1.823717] (tracer_msgs) StdoutLine: {'line': b'-- Installing: /home/jacky/movecar_ws/install/tracer_msgs/include/tracer_msgs/tracer_msgs/msg/tracer_light_state.h\n'}
[1.823815] (tracer_msgs) StdoutLine: {'line': b'-- Installing: /home/jacky/movecar_ws/install/tracer_msgs/include/tracer_msgs/tracer_msgs/msg/detail\n'}
[1.823894] (tracer_msgs) StdoutLine: {'line': b'-- Installing: /home/jacky/movecar_ws/install/tracer_msgs/include/tracer_msgs/tracer_msgs/msg/detail/tracer_status__functions.c\n'}
[1.823947] (tracer_msgs) StdoutLine: {'line': b'-- Installing: /home/jacky/movecar_ws/install/tracer_msgs/include/tracer_msgs/tracer_msgs/msg/detail/tracer_light_cmd__functions.c\n'}
[1.823965] (tracer_msgs) StdoutLine: {'line': b'-- Installing: /home/jacky/movecar_ws/install/tracer_msgs/include/tracer_msgs/tracer_msgs/msg/detail/tracer_status__functions.h\n'}
[1.823984] (tracer_msgs) StdoutLine: {'line': b'-- Installing: /home/jacky/movecar_ws/install/tracer_msgs/include/tracer_msgs/tracer_msgs/msg/detail/tracer_light_state__functions.c\n'}
[1.824002] (tracer_msgs) StdoutLine: {'line': b'-- Installing: /home/jacky/movecar_ws/install/tracer_msgs/include/tracer_msgs/tracer_msgs/msg/detail/tracer_light_state__type_support.h\n'}
[1.824029] (tracer_msgs) StdoutLine: {'line': b'-- Installing: /home/jacky/movecar_ws/install/tracer_msgs/include/tracer_msgs/tracer_msgs/msg/detail/tracer_actuator_state__type_support.h\n'}
[1.824045] (tracer_msgs) StdoutLine: {'line': b'-- Installing: /home/jacky/movecar_ws/install/tracer_msgs/include/tracer_msgs/tracer_msgs/msg/detail/tracer_light_state__functions.h\n'}
[1.824061] (tracer_msgs) StdoutLine: {'line': b'-- Installing: /home/jacky/movecar_ws/install/tracer_msgs/include/tracer_msgs/tracer_msgs/msg/detail/tracer_actuator_state__functions.c\n'}
[1.824079] (tracer_msgs) StdoutLine: {'line': b'-- Installing: /home/jacky/movecar_ws/install/tracer_msgs/include/tracer_msgs/tracer_msgs/msg/detail/tracer_actuator_state__functions.h\n'}
[1.824108] (tracer_msgs) StdoutLine: {'line': b'-- Installing: /home/jacky/movecar_ws/install/tracer_msgs/include/tracer_msgs/tracer_msgs/msg/detail/tracer_actuator_state__struct.h\n'}
[1.824126] (tracer_msgs) StdoutLine: {'line': b'-- Installing: /home/jacky/movecar_ws/install/tracer_msgs/include/tracer_msgs/tracer_msgs/msg/detail/tracer_light_state__struct.h\n'}
[1.824144] (tracer_msgs) StdoutLine: {'line': b'-- Installing: /home/jacky/movecar_ws/install/tracer_msgs/include/tracer_msgs/tracer_msgs/msg/detail/tracer_status__type_support.h\n'}
[1.824161] (tracer_msgs) StdoutLine: {'line': b'-- Installing: /home/jacky/movecar_ws/install/tracer_msgs/include/tracer_msgs/tracer_msgs/msg/detail/tracer_light_cmd__type_support.h\n'}
[1.824179] (tracer_msgs) StdoutLine: {'line': b'-- Installing: /home/jacky/movecar_ws/install/tracer_msgs/include/tracer_msgs/tracer_msgs/msg/detail/tracer_rc_state__functions.c\n'}
[1.824196] (tracer_msgs) StdoutLine: {'line': b'-- Installing: /home/jacky/movecar_ws/install/tracer_msgs/include/tracer_msgs/tracer_msgs/msg/detail/tracer_light_cmd__functions.h\n'}
[1.824214] (tracer_msgs) StdoutLine: {'line': b'-- Installing: /home/jacky/movecar_ws/install/tracer_msgs/include/tracer_msgs/tracer_msgs/msg/detail/tracer_rc_state__functions.h\n'}
[1.824231] (tracer_msgs) StdoutLine: {'line': b'-- Installing: /home/jacky/movecar_ws/install/tracer_msgs/include/tracer_msgs/tracer_msgs/msg/detail/tracer_status__struct.h\n'}
[1.824249] (tracer_msgs) StdoutLine: {'line': b'-- Installing: /home/jacky/movecar_ws/install/tracer_msgs/include/tracer_msgs/tracer_msgs/msg/detail/tracer_rc_state__type_support.h\n'}
[1.824267] (tracer_msgs) StdoutLine: {'line': b'-- Installing: /home/jacky/movecar_ws/install/tracer_msgs/include/tracer_msgs/tracer_msgs/msg/detail/tracer_rc_state__struct.h\n'}
[1.824300] (tracer_msgs) StdoutLine: {'line': b'-- Installing: /home/jacky/movecar_ws/install/tracer_msgs/include/tracer_msgs/tracer_msgs/msg/detail/tracer_light_cmd__struct.h\n'}
[1.824318] (tracer_msgs) StdoutLine: {'line': b'-- Installing: /home/jacky/movecar_ws/install/tracer_msgs/include/tracer_msgs/tracer_msgs/msg/tracer_light_cmd.h\n'}
[1.824336] (tracer_msgs) StdoutLine: {'line': b'-- Installing: /home/jacky/movecar_ws/install/tracer_msgs/share/tracer_msgs/environment/library_path.sh\n'}
[1.824353] (tracer_msgs) StdoutLine: {'line': b'-- Installing: /home/jacky/movecar_ws/install/tracer_msgs/share/tracer_msgs/environment/library_path.dsv\n'}
[1.824371] (tracer_msgs) StdoutLine: {'line': b'-- Installing: /home/jacky/movecar_ws/install/tracer_msgs/lib/libtracer_msgs__rosidl_generator_c.so\n'}
[1.824389] (tracer_msgs) StdoutLine: {'line': b'-- Set runtime path of "/home/jacky/movecar_ws/install/tracer_msgs/lib/libtracer_msgs__rosidl_generator_c.so" to ""\n'}
[1.824416] (tracer_msgs) StdoutLine: {'line': b'-- Up-to-date: /home/jacky/movecar_ws/install/tracer_msgs/include/tracer_msgs/tracer_msgs\n'}
[1.824434] (tracer_msgs) StdoutLine: {'line': b'-- Up-to-date: /home/jacky/movecar_ws/install/tracer_msgs/include/tracer_msgs/tracer_msgs/msg\n'}
[1.824452] (tracer_msgs) StdoutLine: {'line': b'-- Installing: /home/jacky/movecar_ws/install/tracer_msgs/include/tracer_msgs/tracer_msgs/msg/rosidl_typesupport_fastrtps_c__visibility_control.h\n'}
[1.824470] (tracer_msgs) StdoutLine: {'line': b'-- Up-to-date: /home/jacky/movecar_ws/install/tracer_msgs/include/tracer_msgs/tracer_msgs/msg/detail\n'}
[1.824488] (tracer_msgs) StdoutLine: {'line': b'-- Installing: /home/jacky/movecar_ws/install/tracer_msgs/include/tracer_msgs/tracer_msgs/msg/detail/tracer_rc_state__rosidl_typesupport_fastrtps_c.h\n'}
[1.824506] (tracer_msgs) StdoutLine: {'line': b'-- Installing: /home/jacky/movecar_ws/install/tracer_msgs/include/tracer_msgs/tracer_msgs/msg/detail/tracer_actuator_state__rosidl_typesupport_fastrtps_c.h\n'}
[1.824525] (tracer_msgs) StdoutLine: {'line': b'-- Installing: /home/jacky/movecar_ws/install/tracer_msgs/include/tracer_msgs/tracer_msgs/msg/detail/tracer_light_state__rosidl_typesupport_fastrtps_c.h\n'}
[1.824554] (tracer_msgs) StdoutLine: {'line': b'-- Installing: /home/jacky/movecar_ws/install/tracer_msgs/include/tracer_msgs/tracer_msgs/msg/detail/tracer_light_cmd__rosidl_typesupport_fastrtps_c.h\n'}
[1.824571] (tracer_msgs) StdoutLine: {'line': b'-- Installing: /home/jacky/movecar_ws/install/tracer_msgs/include/tracer_msgs/tracer_msgs/msg/detail/tracer_status__rosidl_typesupport_fastrtps_c.h\n'}
[1.824589] (tracer_msgs) StdoutLine: {'line': b'-- Installing: /home/jacky/movecar_ws/install/tracer_msgs/lib/libtracer_msgs__rosidl_typesupport_fastrtps_c.so\n'}
[1.824606] (tracer_msgs) StdoutLine: {'line': b'-- Set runtime path of "/home/jacky/movecar_ws/install/tracer_msgs/lib/libtracer_msgs__rosidl_typesupport_fastrtps_c.so" to ""\n'}
[1.824624] (tracer_msgs) StdoutLine: {'line': b'-- Up-to-date: /home/jacky/movecar_ws/install/tracer_msgs/include/tracer_msgs/tracer_msgs\n'}
[1.824642] (tracer_msgs) StdoutLine: {'line': b'-- Up-to-date: /home/jacky/movecar_ws/install/tracer_msgs/include/tracer_msgs/tracer_msgs/msg\n'}
[1.824671] (tracer_msgs) StdoutLine: {'line': b'-- Installing: /home/jacky/movecar_ws/install/tracer_msgs/include/tracer_msgs/tracer_msgs/msg/rosidl_generator_cpp__visibility_control.hpp\n'}
[1.824688] (tracer_msgs) StdoutLine: {'line': b'-- Installing: /home/jacky/movecar_ws/install/tracer_msgs/include/tracer_msgs/tracer_msgs/msg/tracer_rc_state.hpp\n'}
[1.824706] (tracer_msgs) StdoutLine: {'line': b'-- Installing: /home/jacky/movecar_ws/install/tracer_msgs/include/tracer_msgs/tracer_msgs/msg/tracer_light_state.hpp\n'}
[1.824724] (tracer_msgs) StdoutLine: {'line': b'-- Installing: /home/jacky/movecar_ws/install/tracer_msgs/include/tracer_msgs/tracer_msgs/msg/tracer_light_cmd.hpp\n'}
[1.824741] (tracer_msgs) StdoutLine: {'line': b'-- Installing: /home/jacky/movecar_ws/install/tracer_msgs/include/tracer_msgs/tracer_msgs/msg/tracer_actuator_state.hpp\n'}
[1.824758] (tracer_msgs) StdoutLine: {'line': b'-- Up-to-date: /home/jacky/movecar_ws/install/tracer_msgs/include/tracer_msgs/tracer_msgs/msg/detail\n'}
[1.824776] (tracer_msgs) StdoutLine: {'line': b'-- Installing: /home/jacky/movecar_ws/install/tracer_msgs/include/tracer_msgs/tracer_msgs/msg/detail/tracer_actuator_state__struct.hpp\n'}
[1.824793] (tracer_msgs) StdoutLine: {'line': b'-- Installing: /home/jacky/movecar_ws/install/tracer_msgs/include/tracer_msgs/tracer_msgs/msg/detail/tracer_actuator_state__builder.hpp\n'}
[1.824811] (tracer_msgs) StdoutLine: {'line': b'-- Installing: /home/jacky/movecar_ws/install/tracer_msgs/include/tracer_msgs/tracer_msgs/msg/detail/tracer_actuator_state__type_support.hpp\n'}
[1.824829] (tracer_msgs) StdoutLine: {'line': b'-- Installing: /home/jacky/movecar_ws/install/tracer_msgs/include/tracer_msgs/tracer_msgs/msg/detail/tracer_light_cmd__type_support.hpp\n'}
[1.824854] (tracer_msgs) StdoutLine: {'line': b'-- Installing: /home/jacky/movecar_ws/install/tracer_msgs/include/tracer_msgs/tracer_msgs/msg/detail/tracer_light_cmd__builder.hpp\n'}
[1.824889] (tracer_msgs) StdoutLine: {'line': b'-- Installing: /home/jacky/movecar_ws/install/tracer_msgs/include/tracer_msgs/tracer_msgs/msg/detail/tracer_light_state__type_support.hpp\n'}
[1.824908] (tracer_msgs) StdoutLine: {'line': b'-- Installing: /home/jacky/movecar_ws/install/tracer_msgs/include/tracer_msgs/tracer_msgs/msg/detail/tracer_status__traits.hpp\n'}
[1.824927] (tracer_msgs) StdoutLine: {'line': b'-- Installing: /home/jacky/movecar_ws/install/tracer_msgs/include/tracer_msgs/tracer_msgs/msg/detail/tracer_light_cmd__traits.hpp\n'}
[1.824946] (tracer_msgs) StdoutLine: {'line': b'-- Installing: /home/jacky/movecar_ws/install/tracer_msgs/include/tracer_msgs/tracer_msgs/msg/detail/tracer_light_cmd__struct.hpp\n'}
[1.824964] (tracer_msgs) StdoutLine: {'line': b'-- Installing: /home/jacky/movecar_ws/install/tracer_msgs/include/tracer_msgs/tracer_msgs/msg/detail/tracer_status__struct.hpp\n'}
[1.824983] (tracer_msgs) StdoutLine: {'line': b'-- Installing: /home/jacky/movecar_ws/install/tracer_msgs/include/tracer_msgs/tracer_msgs/msg/detail/tracer_actuator_state__traits.hpp\n'}
[1.825014] (tracer_msgs) StdoutLine: {'line': b'-- Installing: /home/jacky/movecar_ws/install/tracer_msgs/include/tracer_msgs/tracer_msgs/msg/detail/tracer_light_state__builder.hpp\n'}
[1.825033] (tracer_msgs) StdoutLine: {'line': b'-- Installing: /home/jacky/movecar_ws/install/tracer_msgs/include/tracer_msgs/tracer_msgs/msg/detail/tracer_light_state__struct.hpp\n'}
[1.825052] (tracer_msgs) StdoutLine: {'line': b'-- Installing: /home/jacky/movecar_ws/install/tracer_msgs/include/tracer_msgs/tracer_msgs/msg/detail/tracer_status__builder.hpp\n'}
[1.825072] (tracer_msgs) StdoutLine: {'line': b'-- Installing: /home/jacky/movecar_ws/install/tracer_msgs/include/tracer_msgs/tracer_msgs/msg/detail/tracer_rc_state__type_support.hpp\n'}
[1.825091] (tracer_msgs) StdoutLine: {'line': b'-- Installing: /home/jacky/movecar_ws/install/tracer_msgs/include/tracer_msgs/tracer_msgs/msg/detail/tracer_rc_state__builder.hpp\n'}
[1.825118] (tracer_msgs) StdoutLine: {'line': b'-- Installing: /home/jacky/movecar_ws/install/tracer_msgs/include/tracer_msgs/tracer_msgs/msg/detail/tracer_status__type_support.hpp\n'}
[1.825151] (tracer_msgs) StdoutLine: {'line': b'-- Installing: /home/jacky/movecar_ws/install/tracer_msgs/include/tracer_msgs/tracer_msgs/msg/detail/tracer_rc_state__traits.hpp\n'}
[1.825170] (tracer_msgs) StdoutLine: {'line': b'-- Installing: /home/jacky/movecar_ws/install/tracer_msgs/include/tracer_msgs/tracer_msgs/msg/detail/tracer_rc_state__struct.hpp\n'}
[1.825195] (tracer_msgs) StdoutLine: {'line': b'-- Installing: /home/jacky/movecar_ws/install/tracer_msgs/include/tracer_msgs/tracer_msgs/msg/detail/tracer_light_state__traits.hpp\n'}
[1.825214] (tracer_msgs) StdoutLine: {'line': b'-- Installing: /home/jacky/movecar_ws/install/tracer_msgs/include/tracer_msgs/tracer_msgs/msg/tracer_status.hpp\n'}
[1.825233] (tracer_msgs) StdoutLine: {'line': b'-- Up-to-date: /home/jacky/movecar_ws/install/tracer_msgs/include/tracer_msgs/tracer_msgs\n'}
[1.825259] (tracer_msgs) StdoutLine: {'line': b'-- Up-to-date: /home/jacky/movecar_ws/install/tracer_msgs/include/tracer_msgs/tracer_msgs/msg\n'}
[1.825299] (tracer_msgs) StdoutLine: {'line': b'-- Installing: /home/jacky/movecar_ws/install/tracer_msgs/include/tracer_msgs/tracer_msgs/msg/rosidl_typesupport_fastrtps_cpp__visibility_control.h\n'}
[1.825318] (tracer_msgs) StdoutLine: {'line': b'-- Up-to-date: /home/jacky/movecar_ws/install/tracer_msgs/include/tracer_msgs/tracer_msgs/msg/detail\n'}
[1.825337] (tracer_msgs) StdoutLine: {'line': b'-- Installing: /home/jacky/movecar_ws/install/tracer_msgs/include/tracer_msgs/tracer_msgs/msg/detail/tracer_light_state__rosidl_typesupport_fastrtps_cpp.hpp\n'}
[1.825364] (tracer_msgs) StdoutLine: {'line': b'-- Installing: /home/jacky/movecar_ws/install/tracer_msgs/include/tracer_msgs/tracer_msgs/msg/detail/tracer_status__rosidl_typesupport_fastrtps_cpp.hpp\n'}
[1.825386] (tracer_msgs) StdoutLine: {'line': b'-- Installing: /home/jacky/movecar_ws/install/tracer_msgs/include/tracer_msgs/tracer_msgs/msg/detail/dds_fastrtps\n'}
[1.825403] (tracer_msgs) StdoutLine: {'line': b'-- Installing: /home/jacky/movecar_ws/install/tracer_msgs/include/tracer_msgs/tracer_msgs/msg/detail/tracer_rc_state__rosidl_typesupport_fastrtps_cpp.hpp\n'}
[1.825420] (tracer_msgs) StdoutLine: {'line': b'-- Installing: /home/jacky/movecar_ws/install/tracer_msgs/include/tracer_msgs/tracer_msgs/msg/detail/tracer_actuator_state__rosidl_typesupport_fastrtps_cpp.hpp\n'}
[1.825439] (tracer_msgs) StdoutLine: {'line': b'-- Installing: /home/jacky/movecar_ws/install/tracer_msgs/include/tracer_msgs/tracer_msgs/msg/detail/tracer_light_cmd__rosidl_typesupport_fastrtps_cpp.hpp\n'}
[1.825463] (tracer_msgs) StdoutLine: {'line': b'-- Installing: /home/jacky/movecar_ws/install/tracer_msgs/lib/libtracer_msgs__rosidl_typesupport_fastrtps_cpp.so\n'}
[1.825526] (tracer_msgs) StdoutLine: {'line': b'-- Set runtime path of "/home/jacky/movecar_ws/install/tracer_msgs/lib/libtracer_msgs__rosidl_typesupport_fastrtps_cpp.so" to ""\n'}
[1.825551] (tracer_msgs) StdoutLine: {'line': b'-- Up-to-date: /home/jacky/movecar_ws/install/tracer_msgs/include/tracer_msgs/tracer_msgs\n'}
[1.825578] (tracer_msgs) StdoutLine: {'line': b'-- Up-to-date: /home/jacky/movecar_ws/install/tracer_msgs/include/tracer_msgs/tracer_msgs/msg\n'}
[1.825598] (tracer_msgs) StdoutLine: {'line': b'-- Installing: /home/jacky/movecar_ws/install/tracer_msgs/include/tracer_msgs/tracer_msgs/msg/rosidl_typesupport_introspection_c__visibility_control.h\n'}
[1.825625] (tracer_msgs) StdoutLine: {'line': b'-- Up-to-date: /home/jacky/movecar_ws/install/tracer_msgs/include/tracer_msgs/tracer_msgs/msg/detail\n'}
[1.825655] (tracer_msgs) StdoutLine: {'line': b'-- Installing: /home/jacky/movecar_ws/install/tracer_msgs/include/tracer_msgs/tracer_msgs/msg/detail/tracer_light_cmd__type_support.c\n'}
[1.825674] (tracer_msgs) StdoutLine: {'line': b'-- Installing: /home/jacky/movecar_ws/install/tracer_msgs/include/tracer_msgs/tracer_msgs/msg/detail/tracer_status__type_support.c\n'}
[1.825700] (tracer_msgs) StdoutLine: {'line': b'-- Installing: /home/jacky/movecar_ws/install/tracer_msgs/include/tracer_msgs/tracer_msgs/msg/detail/tracer_light_cmd__rosidl_typesupport_introspection_c.h\n'}
[1.825727] (tracer_msgs) StdoutLine: {'line': b'-- Installing: /home/jacky/movecar_ws/install/tracer_msgs/include/tracer_msgs/tracer_msgs/msg/detail/tracer_status__rosidl_typesupport_introspection_c.h\n'}
[1.825754] (tracer_msgs) StdoutLine: {'line': b'-- Installing: /home/jacky/movecar_ws/install/tracer_msgs/include/tracer_msgs/tracer_msgs/msg/detail/tracer_light_state__type_support.c\n'}
[1.825772] (tracer_msgs) StdoutLine: {'line': b'-- Installing: /home/jacky/movecar_ws/install/tracer_msgs/include/tracer_msgs/tracer_msgs/msg/detail/tracer_light_state__rosidl_typesupport_introspection_c.h\n'}
[1.825797] (tracer_msgs) StdoutLine: {'line': b'-- Installing: /home/jacky/movecar_ws/install/tracer_msgs/include/tracer_msgs/tracer_msgs/msg/detail/tracer_actuator_state__type_support.c\n'}
[1.825824] (tracer_msgs) StdoutLine: {'line': b'-- Installing: /home/jacky/movecar_ws/install/tracer_msgs/include/tracer_msgs/tracer_msgs/msg/detail/tracer_rc_state__type_support.c\n'}
[1.825850] (tracer_msgs) StdoutLine: {'line': b'-- Installing: /home/jacky/movecar_ws/install/tracer_msgs/include/tracer_msgs/tracer_msgs/msg/detail/tracer_rc_state__rosidl_typesupport_introspection_c.h\n'}
[1.825874] (tracer_msgs) StdoutLine: {'line': b'-- Installing: /home/jacky/movecar_ws/install/tracer_msgs/include/tracer_msgs/tracer_msgs/msg/detail/tracer_actuator_state__rosidl_typesupport_introspection_c.h\n'}
[1.825907] (tracer_msgs) StdoutLine: {'line': b'-- Installing: /home/jacky/movecar_ws/install/tracer_msgs/lib/libtracer_msgs__rosidl_typesupport_introspection_c.so\n'}
[1.825989] (tracer_msgs) StdoutLine: {'line': b'-- Set runtime path of "/home/jacky/movecar_ws/install/tracer_msgs/lib/libtracer_msgs__rosidl_typesupport_introspection_c.so" to ""\n'}
[1.826015] (tracer_msgs) StdoutLine: {'line': b'-- Installing: /home/jacky/movecar_ws/install/tracer_msgs/lib/libtracer_msgs__rosidl_typesupport_c.so\n'}
[1.826083] (tracer_msgs) StdoutLine: {'line': b'-- Set runtime path of "/home/jacky/movecar_ws/install/tracer_msgs/lib/libtracer_msgs__rosidl_typesupport_c.so" to ""\n'}
[1.826110] (tracer_msgs) StdoutLine: {'line': b'-- Up-to-date: /home/jacky/movecar_ws/install/tracer_msgs/include/tracer_msgs/tracer_msgs\n'}
[1.826136] (tracer_msgs) StdoutLine: {'line': b'-- Up-to-date: /home/jacky/movecar_ws/install/tracer_msgs/include/tracer_msgs/tracer_msgs/msg\n'}
[1.826167] (tracer_msgs) StdoutLine: {'line': b'-- Up-to-date: /home/jacky/movecar_ws/install/tracer_msgs/include/tracer_msgs/tracer_msgs/msg/detail\n'}
[1.826184] (tracer_msgs) StdoutLine: {'line': b'-- Installing: /home/jacky/movecar_ws/install/tracer_msgs/include/tracer_msgs/tracer_msgs/msg/detail/tracer_status__type_support.cpp\n'}
[1.826203] (tracer_msgs) StdoutLine: {'line': b'-- Installing: /home/jacky/movecar_ws/install/tracer_msgs/include/tracer_msgs/tracer_msgs/msg/detail/tracer_light_cmd__type_support.cpp\n'}
[1.826229] (tracer_msgs) StdoutLine: {'line': b'-- Installing: /home/jacky/movecar_ws/install/tracer_msgs/include/tracer_msgs/tracer_msgs/msg/detail/tracer_light_cmd__rosidl_typesupport_introspection_cpp.hpp\n'}
[1.826254] (tracer_msgs) StdoutLine: {'line': b'-- Installing: /home/jacky/movecar_ws/install/tracer_msgs/include/tracer_msgs/tracer_msgs/msg/detail/tracer_light_state__type_support.cpp\n'}
[1.826283] (tracer_msgs) StdoutLine: {'line': b'-- Installing: /home/jacky/movecar_ws/install/tracer_msgs/include/tracer_msgs/tracer_msgs/msg/detail/tracer_actuator_state__type_support.cpp\n'}
[1.826308] (tracer_msgs) StdoutLine: {'line': b'-- Installing: /home/jacky/movecar_ws/install/tracer_msgs/include/tracer_msgs/tracer_msgs/msg/detail/tracer_status__rosidl_typesupport_introspection_cpp.hpp\n'}
[1.826333] (tracer_msgs) StdoutLine: {'line': b'-- Installing: /home/jacky/movecar_ws/install/tracer_msgs/include/tracer_msgs/tracer_msgs/msg/detail/tracer_light_state__rosidl_typesupport_introspection_cpp.hpp\n'}
[1.826358] (tracer_msgs) StdoutLine: {'line': b'-- Installing: /home/jacky/movecar_ws/install/tracer_msgs/include/tracer_msgs/tracer_msgs/msg/detail/tracer_rc_state__rosidl_typesupport_introspection_cpp.hpp\n'}
[1.826382] (tracer_msgs) StdoutLine: {'line': b'-- Installing: /home/jacky/movecar_ws/install/tracer_msgs/include/tracer_msgs/tracer_msgs/msg/detail/tracer_rc_state__type_support.cpp\n'}
[1.826414] (tracer_msgs) StdoutLine: {'line': b'-- Installing: /home/jacky/movecar_ws/install/tracer_msgs/include/tracer_msgs/tracer_msgs/msg/detail/tracer_actuator_state__rosidl_typesupport_introspection_cpp.hpp\n'}
[1.826458] (tracer_msgs) StdoutLine: {'line': b'-- Installing: /home/jacky/movecar_ws/install/tracer_msgs/lib/libtracer_msgs__rosidl_typesupport_introspection_cpp.so\n'}
[1.826553] (tracer_msgs) StdoutLine: {'line': b'-- Set runtime path of "/home/jacky/movecar_ws/install/tracer_msgs/lib/libtracer_msgs__rosidl_typesupport_introspection_cpp.so" to ""\n'}
[1.826576] (tracer_msgs) StdoutLine: {'line': b'-- Installing: /home/jacky/movecar_ws/install/tracer_msgs/lib/libtracer_msgs__rosidl_typesupport_cpp.so\n'}
[1.826651] (tracer_msgs) StdoutLine: {'line': b'-- Set runtime path of "/home/jacky/movecar_ws/install/tracer_msgs/lib/libtracer_msgs__rosidl_typesupport_cpp.so" to ""\n'}
[1.826677] (tracer_msgs) StdoutLine: {'line': b'-- Installing: /home/jacky/movecar_ws/install/tracer_msgs/share/tracer_msgs/environment/pythonpath.sh\n'}
[1.826704] (tracer_msgs) StdoutLine: {'line': b'-- Installing: /home/jacky/movecar_ws/install/tracer_msgs/share/tracer_msgs/environment/pythonpath.dsv\n'}
[1.826735] (tracer_msgs) StdoutLine: {'line': b'-- Installing: /home/jacky/movecar_ws/install/tracer_msgs/local/lib/python3.10/dist-packages/tracer_msgs-0.1.0-py3.10.egg-info\n'}
[1.826782] (tracer_msgs) StdoutLine: {'line': b'-- Installing: /home/jacky/movecar_ws/install/tracer_msgs/local/lib/python3.10/dist-packages/tracer_msgs-0.1.0-py3.10.egg-info/SOURCES.txt\n'}
[1.826810] (tracer_msgs) StdoutLine: {'line': b'-- Installing: /home/jacky/movecar_ws/install/tracer_msgs/local/lib/python3.10/dist-packages/tracer_msgs-0.1.0-py3.10.egg-info/PKG-INFO\n'}
[1.826835] (tracer_msgs) StdoutLine: {'line': b'-- Installing: /home/jacky/movecar_ws/install/tracer_msgs/local/lib/python3.10/dist-packages/tracer_msgs-0.1.0-py3.10.egg-info/dependency_links.txt\n'}
[1.826862] (tracer_msgs) StdoutLine: {'line': b'-- Installing: /home/jacky/movecar_ws/install/tracer_msgs/local/lib/python3.10/dist-packages/tracer_msgs-0.1.0-py3.10.egg-info/top_level.txt\n'}
[1.826901] (tracer_msgs) StdoutLine: {'line': b'-- Installing: /home/jacky/movecar_ws/install/tracer_msgs/local/lib/python3.10/dist-packages/tracer_msgs\n'}
[1.826926] (tracer_msgs) StdoutLine: {'line': b'-- Installing: /home/jacky/movecar_ws/install/tracer_msgs/local/lib/python3.10/dist-packages/tracer_msgs/_tracer_msgs_s.ep.rosidl_typesupport_introspection_c.c\n'}
[1.826960] (tracer_msgs) StdoutLine: {'line': b'-- Installing: /home/jacky/movecar_ws/install/tracer_msgs/local/lib/python3.10/dist-packages/tracer_msgs/tracer_msgs_s__rosidl_typesupport_c.cpython-310-x86_64-linux-gnu.so\n'}
[1.826994] (tracer_msgs) StdoutLine: {'line': b'-- Installing: /home/jacky/movecar_ws/install/tracer_msgs/local/lib/python3.10/dist-packages/tracer_msgs/tracer_msgs_s__rosidl_typesupport_introspection_c.cpython-310-x86_64-linux-gnu.so\n'}
[1.827030] (tracer_msgs) StdoutLine: {'line': b'-- Installing: /home/jacky/movecar_ws/install/tracer_msgs/local/lib/python3.10/dist-packages/tracer_msgs/_tracer_msgs_s.ep.rosidl_typesupport_fastrtps_c.c\n'}
[1.827064] (tracer_msgs) StdoutLine: {'line': b'-- Installing: /home/jacky/movecar_ws/install/tracer_msgs/local/lib/python3.10/dist-packages/tracer_msgs/libtracer_msgs__rosidl_generator_py.so\n'}
[1.827104] (tracer_msgs) StdoutLine: {'line': b'-- Installing: /home/jacky/movecar_ws/install/tracer_msgs/local/lib/python3.10/dist-packages/tracer_msgs/_tracer_msgs_s.ep.rosidl_typesupport_c.c\n'}
[1.827141] (tracer_msgs) StdoutLine: {'line': b'-- Installing: /home/jacky/movecar_ws/install/tracer_msgs/local/lib/python3.10/dist-packages/tracer_msgs/__init__.py\n'}
[1.827165] (tracer_msgs) StdoutLine: {'line': b'-- Installing: /home/jacky/movecar_ws/install/tracer_msgs/local/lib/python3.10/dist-packages/tracer_msgs/msg\n'}
[1.827197] (tracer_msgs) StdoutLine: {'line': b'-- Installing: /home/jacky/movecar_ws/install/tracer_msgs/local/lib/python3.10/dist-packages/tracer_msgs/msg/_tracer_light_state.py\n'}
[1.827226] (tracer_msgs) StdoutLine: {'line': b'-- Installing: /home/jacky/movecar_ws/install/tracer_msgs/local/lib/python3.10/dist-packages/tracer_msgs/msg/_tracer_actuator_state_s.c\n'}
[1.827253] (tracer_msgs) StdoutLine: {'line': b'-- Installing: /home/jacky/movecar_ws/install/tracer_msgs/local/lib/python3.10/dist-packages/tracer_msgs/msg/_tracer_light_cmd.py\n'}
[1.827289] (tracer_msgs) StdoutLine: {'line': b'-- Installing: /home/jacky/movecar_ws/install/tracer_msgs/local/lib/python3.10/dist-packages/tracer_msgs/msg/_tracer_light_state_s.c\n'}
[1.827316] (tracer_msgs) StdoutLine: {'line': b'-- Installing: /home/jacky/movecar_ws/install/tracer_msgs/local/lib/python3.10/dist-packages/tracer_msgs/msg/_tracer_status.py\n'}
[1.827347] (tracer_msgs) StdoutLine: {'line': b'-- Installing: /home/jacky/movecar_ws/install/tracer_msgs/local/lib/python3.10/dist-packages/tracer_msgs/msg/_tracer_rc_state.py\n'}
[1.827377] (tracer_msgs) StdoutLine: {'line': b'-- Installing: /home/jacky/movecar_ws/install/tracer_msgs/local/lib/python3.10/dist-packages/tracer_msgs/msg/_tracer_rc_state_s.c\n'}
[1.827404] (tracer_msgs) StdoutLine: {'line': b'-- Installing: /home/jacky/movecar_ws/install/tracer_msgs/local/lib/python3.10/dist-packages/tracer_msgs/msg/_tracer_status_s.c\n'}
[1.827433] (tracer_msgs) StdoutLine: {'line': b'-- Installing: /home/jacky/movecar_ws/install/tracer_msgs/local/lib/python3.10/dist-packages/tracer_msgs/msg/_tracer_actuator_state.py\n'}
[1.827460] (tracer_msgs) StdoutLine: {'line': b'-- Installing: /home/jacky/movecar_ws/install/tracer_msgs/local/lib/python3.10/dist-packages/tracer_msgs/msg/__init__.py\n'}
[1.827487] (tracer_msgs) StdoutLine: {'line': b'-- Installing: /home/jacky/movecar_ws/install/tracer_msgs/local/lib/python3.10/dist-packages/tracer_msgs/msg/_tracer_light_cmd_s.c\n'}
[1.827516] (tracer_msgs) StdoutLine: {'line': b'-- Installing: /home/jacky/movecar_ws/install/tracer_msgs/local/lib/python3.10/dist-packages/tracer_msgs/tracer_msgs_s__rosidl_typesupport_fastrtps_c.cpython-310-x86_64-linux-gnu.so\n'}
[1.845723] (tracer_msgs) StdoutLine: {'line': b"Listing '/home/jacky/movecar_ws/install/tracer_msgs/local/lib/python3.10/dist-packages/tracer_msgs'...\n"}
[1.845805] (tracer_msgs) StdoutLine: {'line': b"Compiling '/home/jacky/movecar_ws/install/tracer_msgs/local/lib/python3.10/dist-packages/tracer_msgs/__init__.py'...\n"}
[1.845874] (tracer_msgs) StdoutLine: {'line': b"Listing '/home/jacky/movecar_ws/install/tracer_msgs/local/lib/python3.10/dist-packages/tracer_msgs/msg'...\n"}
[1.845936] (tracer_msgs) StdoutLine: {'line': b"Compiling '/home/jacky/movecar_ws/install/tracer_msgs/local/lib/python3.10/dist-packages/tracer_msgs/msg/__init__.py'...\n"}
[1.846001] (tracer_msgs) StdoutLine: {'line': b"Compiling '/home/jacky/movecar_ws/install/tracer_msgs/local/lib/python3.10/dist-packages/tracer_msgs/msg/_tracer_actuator_state.py'...\n"}
[1.846064] (tracer_msgs) StdoutLine: {'line': b"Compiling '/home/jacky/movecar_ws/install/tracer_msgs/local/lib/python3.10/dist-packages/tracer_msgs/msg/_tracer_light_cmd.py'...\n"}
[1.846126] (tracer_msgs) StdoutLine: {'line': b"Compiling '/home/jacky/movecar_ws/install/tracer_msgs/local/lib/python3.10/dist-packages/tracer_msgs/msg/_tracer_light_state.py'...\n"}
[1.846188] (tracer_msgs) StdoutLine: {'line': b"Compiling '/home/jacky/movecar_ws/install/tracer_msgs/local/lib/python3.10/dist-packages/tracer_msgs/msg/_tracer_rc_state.py'...\n"}
[1.846250] (tracer_msgs) StdoutLine: {'line': b"Compiling '/home/jacky/movecar_ws/install/tracer_msgs/local/lib/python3.10/dist-packages/tracer_msgs/msg/_tracer_status.py'...\n"}
[1.847955] (tracer_msgs) StdoutLine: {'line': b'-- Installing: /home/jacky/movecar_ws/install/tracer_msgs/local/lib/python3.10/dist-packages/tracer_msgs/tracer_msgs_s__rosidl_typesupport_fastrtps_c.cpython-310-x86_64-linux-gnu.so\n'}
[1.848085] (tracer_msgs) StdoutLine: {'line': b'-- Set runtime path of "/home/jacky/movecar_ws/install/tracer_msgs/local/lib/python3.10/dist-packages/tracer_msgs/tracer_msgs_s__rosidl_typesupport_fastrtps_c.cpython-310-x86_64-linux-gnu.so" to ""\n'}
[1.848177] (tracer_msgs) StdoutLine: {'line': b'-- Installing: /home/jacky/movecar_ws/install/tracer_msgs/local/lib/python3.10/dist-packages/tracer_msgs/tracer_msgs_s__rosidl_typesupport_introspection_c.cpython-310-x86_64-linux-gnu.so\n'}
[1.848254] (tracer_msgs) StdoutLine: {'line': b'-- Set runtime path of "/home/jacky/movecar_ws/install/tracer_msgs/local/lib/python3.10/dist-packages/tracer_msgs/tracer_msgs_s__rosidl_typesupport_introspection_c.cpython-310-x86_64-linux-gnu.so" to ""\n'}
[1.848335] (tracer_msgs) StdoutLine: {'line': b'-- Installing: /home/jacky/movecar_ws/install/tracer_msgs/local/lib/python3.10/dist-packages/tracer_msgs/tracer_msgs_s__rosidl_typesupport_c.cpython-310-x86_64-linux-gnu.so\n'}
[1.848407] (tracer_msgs) StdoutLine: {'line': b'-- Set runtime path of "/home/jacky/movecar_ws/install/tracer_msgs/local/lib/python3.10/dist-packages/tracer_msgs/tracer_msgs_s__rosidl_typesupport_c.cpython-310-x86_64-linux-gnu.so" to ""\n'}
[1.848477] (tracer_msgs) StdoutLine: {'line': b'-- Installing: /home/jacky/movecar_ws/install/tracer_msgs/lib/libtracer_msgs__rosidl_generator_py.so\n'}
[1.848555] (tracer_msgs) StdoutLine: {'line': b'-- Set runtime path of "/home/jacky/movecar_ws/install/tracer_msgs/lib/libtracer_msgs__rosidl_generator_py.so" to ""\n'}
[1.848641] (tracer_msgs) StdoutLine: {'line': b'-- Installing: /home/jacky/movecar_ws/install/tracer_msgs/share/tracer_msgs/msg/TracerActuatorState.idl\n'}
[1.848719] (tracer_msgs) StdoutLine: {'line': b'-- Installing: /home/jacky/movecar_ws/install/tracer_msgs/share/tracer_msgs/msg/TracerLightCmd.idl\n'}
[1.848806] (tracer_msgs) StdoutLine: {'line': b'-- Installing: /home/jacky/movecar_ws/install/tracer_msgs/share/tracer_msgs/msg/TracerLightState.idl\n'}
[1.848888] (tracer_msgs) StdoutLine: {'line': b'-- Installing: /home/jacky/movecar_ws/install/tracer_msgs/share/tracer_msgs/msg/TracerRCState.idl\n'}
[1.848967] (tracer_msgs) StdoutLine: {'line': b'-- Installing: /home/jacky/movecar_ws/install/tracer_msgs/share/tracer_msgs/msg/TracerStatus.idl\n'}
[1.849009] (tracer_msgs) StdoutLine: {'line': b'-- Installing: /home/jacky/movecar_ws/install/tracer_msgs/share/tracer_msgs/msg/TracerActuatorState.msg\n'}
[1.849033] (tracer_msgs) StdoutLine: {'line': b'-- Installing: /home/jacky/movecar_ws/install/tracer_msgs/share/tracer_msgs/msg/TracerLightCmd.msg\n'}
[1.849050] (tracer_msgs) StdoutLine: {'line': b'-- Installing: /home/jacky/movecar_ws/install/tracer_msgs/share/tracer_msgs/msg/TracerLightState.msg\n'}
[1.849071] (tracer_msgs) StdoutLine: {'line': b'-- Installing: /home/jacky/movecar_ws/install/tracer_msgs/share/tracer_msgs/msg/TracerRCState.msg\n'}
[1.849091] (tracer_msgs) StdoutLine: {'line': b'-- Installing: /home/jacky/movecar_ws/install/tracer_msgs/share/tracer_msgs/msg/TracerStatus.msg\n'}
[1.849117] (tracer_msgs) StdoutLine: {'line': b'-- Installing: /home/jacky/movecar_ws/install/tracer_msgs/share/ament_index/resource_index/package_run_dependencies/tracer_msgs\n'}
[1.849136] (tracer_msgs) StdoutLine: {'line': b'-- Installing: /home/jacky/movecar_ws/install/tracer_msgs/share/ament_index/resource_index/parent_prefix_path/tracer_msgs\n'}
[1.849154] (tracer_msgs) StdoutLine: {'line': b'-- Installing: /home/jacky/movecar_ws/install/tracer_msgs/share/tracer_msgs/environment/ament_prefix_path.sh\n'}
[1.849172] (tracer_msgs) StdoutLine: {'line': b'-- Installing: /home/jacky/movecar_ws/install/tracer_msgs/share/tracer_msgs/environment/ament_prefix_path.dsv\n'}
[1.849190] (tracer_msgs) StdoutLine: {'line': b'-- Installing: /home/jacky/movecar_ws/install/tracer_msgs/share/tracer_msgs/environment/path.sh\n'}
[1.849218] (tracer_msgs) StdoutLine: {'line': b'-- Installing: /home/jacky/movecar_ws/install/tracer_msgs/share/tracer_msgs/environment/path.dsv\n'}
[1.849235] (tracer_msgs) StdoutLine: {'line': b'-- Installing: /home/jacky/movecar_ws/install/tracer_msgs/share/tracer_msgs/local_setup.bash\n'}
[1.849253] (tracer_msgs) StdoutLine: {'line': b'-- Installing: /home/jacky/movecar_ws/install/tracer_msgs/share/tracer_msgs/local_setup.sh\n'}
[1.849272] (tracer_msgs) StdoutLine: {'line': b'-- Installing: /home/jacky/movecar_ws/install/tracer_msgs/share/tracer_msgs/local_setup.zsh\n'}
[1.849292] (tracer_msgs) StdoutLine: {'line': b'-- Installing: /home/jacky/movecar_ws/install/tracer_msgs/share/tracer_msgs/local_setup.dsv\n'}
[1.849310] (tracer_msgs) StdoutLine: {'line': b'-- Installing: /home/jacky/movecar_ws/install/tracer_msgs/share/tracer_msgs/package.dsv\n'}
[1.849329] (tracer_msgs) StdoutLine: {'line': b'-- Installing: /home/jacky/movecar_ws/install/tracer_msgs/share/ament_index/resource_index/packages/tracer_msgs\n'}
[1.849353] (tracer_msgs) StdoutLine: {'line': b'-- Installing: /home/jacky/movecar_ws/install/tracer_msgs/share/tracer_msgs/cmake/export_tracer_msgs__rosidl_generator_cExport.cmake\n'}
[1.849383] (tracer_msgs) StdoutLine: {'line': b'-- Installing: /home/jacky/movecar_ws/install/tracer_msgs/share/tracer_msgs/cmake/export_tracer_msgs__rosidl_generator_cExport-noconfig.cmake\n'}
[1.849400] (tracer_msgs) StdoutLine: {'line': b'-- Installing: /home/jacky/movecar_ws/install/tracer_msgs/share/tracer_msgs/cmake/export_tracer_msgs__rosidl_typesupport_fastrtps_cExport.cmake\n'}
[1.849419] (tracer_msgs) StdoutLine: {'line': b'-- Installing: /home/jacky/movecar_ws/install/tracer_msgs/share/tracer_msgs/cmake/export_tracer_msgs__rosidl_typesupport_fastrtps_cExport-noconfig.cmake\n'}
[1.849443] (tracer_msgs) StdoutLine: {'line': b'-- Installing: /home/jacky/movecar_ws/install/tracer_msgs/share/tracer_msgs/cmake/export_tracer_msgs__rosidl_generator_cppExport.cmake\n'}
[1.849468] (tracer_msgs) StdoutLine: {'line': b'-- Installing: /home/jacky/movecar_ws/install/tracer_msgs/share/tracer_msgs/cmake/export_tracer_msgs__rosidl_typesupport_fastrtps_cppExport.cmake\n'}
[1.849494] (tracer_msgs) StdoutLine: {'line': b'-- Installing: /home/jacky/movecar_ws/install/tracer_msgs/share/tracer_msgs/cmake/export_tracer_msgs__rosidl_typesupport_fastrtps_cppExport-noconfig.cmake\n'}
[1.849518] (tracer_msgs) StdoutLine: {'line': b'-- Installing: /home/jacky/movecar_ws/install/tracer_msgs/share/tracer_msgs/cmake/tracer_msgs__rosidl_typesupport_introspection_cExport.cmake\n'}
[1.849554] (tracer_msgs) StdoutLine: {'line': b'-- Installing: /home/jacky/movecar_ws/install/tracer_msgs/share/tracer_msgs/cmake/tracer_msgs__rosidl_typesupport_introspection_cExport-noconfig.cmake\n'}
[1.849593] (tracer_msgs) StdoutLine: {'line': b'-- Installing: /home/jacky/movecar_ws/install/tracer_msgs/share/tracer_msgs/cmake/tracer_msgs__rosidl_typesupport_cExport.cmake\n'}
[1.849632] (tracer_msgs) StdoutLine: {'line': b'-- Installing: /home/jacky/movecar_ws/install/tracer_msgs/share/tracer_msgs/cmake/tracer_msgs__rosidl_typesupport_cExport-noconfig.cmake\n'}
[1.849669] (tracer_msgs) StdoutLine: {'line': b'-- Installing: /home/jacky/movecar_ws/install/tracer_msgs/share/tracer_msgs/cmake/tracer_msgs__rosidl_typesupport_introspection_cppExport.cmake\n'}
[1.849704] (tracer_msgs) StdoutLine: {'line': b'-- Installing: /home/jacky/movecar_ws/install/tracer_msgs/share/tracer_msgs/cmake/tracer_msgs__rosidl_typesupport_introspection_cppExport-noconfig.cmake\n'}
[1.849750] (tracer_msgs) StdoutLine: {'line': b'-- Installing: /home/jacky/movecar_ws/install/tracer_msgs/share/tracer_msgs/cmake/tracer_msgs__rosidl_typesupport_cppExport.cmake\n'}
[1.849784] (tracer_msgs) StdoutLine: {'line': b'-- Installing: /home/jacky/movecar_ws/install/tracer_msgs/share/tracer_msgs/cmake/tracer_msgs__rosidl_typesupport_cppExport-noconfig.cmake\n'}
[1.849822] (tracer_msgs) StdoutLine: {'line': b'-- Installing: /home/jacky/movecar_ws/install/tracer_msgs/share/tracer_msgs/cmake/export_tracer_msgs__rosidl_generator_pyExport.cmake\n'}
[1.849857] (tracer_msgs) StdoutLine: {'line': b'-- Installing: /home/jacky/movecar_ws/install/tracer_msgs/share/tracer_msgs/cmake/export_tracer_msgs__rosidl_generator_pyExport-noconfig.cmake\n'}
[1.849893] (tracer_msgs) StdoutLine: {'line': b'-- Installing: /home/jacky/movecar_ws/install/tracer_msgs/share/tracer_msgs/cmake/rosidl_cmake-extras.cmake\n'}
[1.849927] (tracer_msgs) StdoutLine: {'line': b'-- Installing: /home/jacky/movecar_ws/install/tracer_msgs/share/tracer_msgs/cmake/ament_cmake_export_dependencies-extras.cmake\n'}
[1.849966] (tracer_msgs) StdoutLine: {'line': b'-- Installing: /home/jacky/movecar_ws/install/tracer_msgs/share/tracer_msgs/cmake/ament_cmake_export_include_directories-extras.cmake\n'}
[1.850000] (tracer_msgs) StdoutLine: {'line': b'-- Installing: /home/jacky/movecar_ws/install/tracer_msgs/share/tracer_msgs/cmake/ament_cmake_export_libraries-extras.cmake\n'}
[1.850034] (tracer_msgs) StdoutLine: {'line': b'-- Installing: /home/jacky/movecar_ws/install/tracer_msgs/share/tracer_msgs/cmake/ament_cmake_export_targets-extras.cmake\n'}
[1.850066] (tracer_msgs) StdoutLine: {'line': b'-- Installing: /home/jacky/movecar_ws/install/tracer_msgs/share/tracer_msgs/cmake/rosidl_cmake_export_typesupport_targets-extras.cmake\n'}
[1.850098] (tracer_msgs) StdoutLine: {'line': b'-- Installing: /home/jacky/movecar_ws/install/tracer_msgs/share/tracer_msgs/cmake/rosidl_cmake_export_typesupport_libraries-extras.cmake\n'}
[1.850131] (tracer_msgs) StdoutLine: {'line': b'-- Installing: /home/jacky/movecar_ws/install/tracer_msgs/share/tracer_msgs/cmake/tracer_msgsConfig.cmake\n'}
[1.850157] (tracer_msgs) StdoutLine: {'line': b'-- Installing: /home/jacky/movecar_ws/install/tracer_msgs/share/tracer_msgs/cmake/tracer_msgsConfig-version.cmake\n'}
[1.850189] (tracer_msgs) StdoutLine: {'line': b'-- Installing: /home/jacky/movecar_ws/install/tracer_msgs/share/tracer_msgs/package.xml\n'}
[1.851464] (tracer_msgs) CommandEnded: {'returncode': 0}
[1.858993] (tracer_msgs) JobEnded: {'identifier': 'tracer_msgs', 'rc': 0}
[1.902940] (-) TimerEvent: {}
[1.912477] (ugv_sdk) StdoutLine: {'line': b'[ 34%] \x1b[32m\x1b[1mLinking CXX static library lib/libugv_sdk.a\x1b[0m\n'}
[1.932964] (ugv_sdk) StdoutLine: {'line': b'[ 44%] Built target ugv_sdk\n'}
[1.941262] (ugv_sdk) StdoutLine: {'line': b'[ 48%] \x1b[32mBuilding CXX object sample/scout_demo/CMakeFiles/demo_scout_robot.dir/scout_robot_demo.cpp.o\x1b[0m\n'}
[1.942066] (ugv_sdk) StdoutLine: {'line': b'[ 51%] \x1b[32mBuilding CXX object sample/scout_demo/CMakeFiles/demo_scout_mini_omni_robot.dir/scout_mini_omni_demo.cpp.o\x1b[0m\n'}
[1.942704] (ugv_sdk) StdoutLine: {'line': b'[ 55%] \x1b[32mBuilding CXX object sample/utils_demo/CMakeFiles/demo_protocol_detector.dir/demo_protocol_detector.cpp.o\x1b[0m\n'}
[1.942753] (ugv_sdk) StdoutLine: {'line': b'[ 58%] \x1b[32mBuilding CXX object sample/hunter_demo/CMakeFiles/demo_hunter_robot.dir/hunter_robot_demo.cpp.o\x1b[0m\n'}
[1.943347] (ugv_sdk) StdoutLine: {'line': b'[ 62%] \x1b[32mBuilding CXX object sample/tracer_demo/CMakeFiles/demo_tracer_robot.dir/tracer_robot_demo.cpp.o\x1b[0m\n'}
[1.943517] (ugv_sdk) StdoutLine: {'line': b'[ 68%] \x1b[32mBuilding CXX object sample/bunker_demo/CMakeFiles/demo_bunker_robot.dir/bunker_robot_demo.cpp.o\x1b[0m\n'}
[1.943552] (ugv_sdk) StdoutLine: {'line': b'[ 68%] \x1b[32mBuilding CXX object sample/utils_demo/CMakeFiles/demo_robot_version.dir/demo_robot_version.cpp.o\x1b[0m\n'}
[1.943936] (ugv_sdk) StdoutLine: {'line': b'[ 72%] \x1b[32mBuilding CXX object sample/ranger_demo/CMakeFiles/demo_ranger_robot.dir/ranger_robot_demo.cpp.o\x1b[0m\n'}
[2.003052] (-) TimerEvent: {}
[2.103402] (-) TimerEvent: {}
[2.112414] (ugv_sdk) StderrLine: {'line': b'\x1b[01m\x1b[K/home/jacky/movecar_ws/src/ugv_sdk-main/sample/tracer_demo/tracer_robot_demo.cpp:\x1b[m\x1b[K In function \xe2\x80\x98\x1b[01m\x1b[Kint main(int, char**)\x1b[m\x1b[K\xe2\x80\x99:\n'}
[2.112620] (ugv_sdk) StderrLine: {'line': b'\x1b[01m\x1b[K/home/jacky/movecar_ws/src/ugv_sdk-main/sample/tracer_demo/tracer_robot_demo.cpp:37:18:\x1b[m\x1b[K \x1b[01;35m\x1b[Kwarning: \x1b[m\x1b[K\xe2\x80\x98\x1b[01m\x1b[Kthis\x1b[m\x1b[K\xe2\x80\x99 pointer is null [\x1b[01;35m\x1b[K\x1b]8;;https://gcc.gnu.org/onlinedocs/gcc/Warning-Options.html#index-Wnonnull\x07-Wnonnull\x1b]8;;\x07\x1b[m\x1b[K]\n'}
[2.112681] (ugv_sdk) StderrLine: {'line': b'   37 |   \x1b[01;35m\x1b[Ktracer->Connect(device_name)\x1b[m\x1b[K;\n'}
[2.112725] (ugv_sdk) StderrLine: {'line': b'      |   \x1b[01;35m\x1b[K~~~~~~~~~~~~~~~^~~~~~~~~~~~~\x1b[m\x1b[K\n'}
[2.112764] (ugv_sdk) StderrLine: {'line': b'\x1b[01m\x1b[K/home/jacky/movecar_ws/src/ugv_sdk-main/sample/tracer_demo/tracer_robot_demo.cpp:38:30:\x1b[m\x1b[K \x1b[01;35m\x1b[Kwarning: \x1b[m\x1b[K\xe2\x80\x98\x1b[01m\x1b[Kthis\x1b[m\x1b[K\xe2\x80\x99 pointer is null [\x1b[01;35m\x1b[K\x1b]8;;https://gcc.gnu.org/onlinedocs/gcc/Warning-Options.html#index-Wnonnull\x07-Wnonnull\x1b]8;;\x07\x1b[m\x1b[K]\n'}
[2.112806] (ugv_sdk) StderrLine: {'line': b'   38 |   \x1b[01;35m\x1b[Ktracer->EnableCommandedMode()\x1b[m\x1b[K;\n'}
[2.112844] (ugv_sdk) StderrLine: {'line': b'      |   \x1b[01;35m\x1b[K~~~~~~~~~~~~~~~~~~~~~~~~~~~^~\x1b[m\x1b[K\n'}
[2.112896] (ugv_sdk) StderrLine: {'line': b'\x1b[01m\x1b[K/home/jacky/movecar_ws/src/ugv_sdk-main/sample/tracer_demo/tracer_robot_demo.cpp:42:26:\x1b[m\x1b[K \x1b[01;35m\x1b[Kwarning: \x1b[m\x1b[K\xe2\x80\x98\x1b[01m\x1b[Kthis\x1b[m\x1b[K\xe2\x80\x99 pointer is null [\x1b[01;35m\x1b[K\x1b]8;;https://gcc.gnu.org/onlinedocs/gcc/Warning-Options.html#index-Wnonnull\x07-Wnonnull\x1b]8;;\x07\x1b[m\x1b[K]\n'}
[2.112936] (ugv_sdk) StderrLine: {'line': b'   42 |   \x1b[01;35m\x1b[Ktracer->SetLightCommand(CONST_OFF, 0)\x1b[m\x1b[K;\n'}
[2.112971] (ugv_sdk) StderrLine: {'line': b'      |   \x1b[01;35m\x1b[K~~~~~~~~~~~~~~~~~~~~~~~^~~~~~~~~~~~~~\x1b[m\x1b[K\n'}
[2.113006] (ugv_sdk) StderrLine: {'line': b'\x1b[01m\x1b[K/home/jacky/movecar_ws/src/ugv_sdk-main/sample/tracer_demo/tracer_robot_demo.cpp:45:26:\x1b[m\x1b[K \x1b[01;35m\x1b[Kwarning: \x1b[m\x1b[K\xe2\x80\x98\x1b[01m\x1b[Kthis\x1b[m\x1b[K\xe2\x80\x99 pointer is null [\x1b[01;35m\x1b[K\x1b]8;;https://gcc.gnu.org/onlinedocs/gcc/Warning-Options.html#index-Wnonnull\x07-Wnonnull\x1b]8;;\x07\x1b[m\x1b[K]\n'}
[2.113047] (ugv_sdk) StderrLine: {'line': b'   45 |   \x1b[01;35m\x1b[Ktracer->SetLightCommand(CONST_ON, 0)\x1b[m\x1b[K;\n'}
[2.113082] (ugv_sdk) StderrLine: {'line': b'      |   \x1b[01;35m\x1b[K~~~~~~~~~~~~~~~~~~~~~~~^~~~~~~~~~~~~\x1b[m\x1b[K\n'}
[2.113117] (ugv_sdk) StderrLine: {'line': b'\x1b[01m\x1b[K/home/jacky/movecar_ws/src/ugv_sdk-main/sample/tracer_demo/tracer_robot_demo.cpp:48:26:\x1b[m\x1b[K \x1b[01;35m\x1b[Kwarning: \x1b[m\x1b[K\xe2\x80\x98\x1b[01m\x1b[Kthis\x1b[m\x1b[K\xe2\x80\x99 pointer is null [\x1b[01;35m\x1b[K\x1b]8;;https://gcc.gnu.org/onlinedocs/gcc/Warning-Options.html#index-Wnonnull\x07-Wnonnull\x1b]8;;\x07\x1b[m\x1b[K]\n'}
[2.113154] (ugv_sdk) StderrLine: {'line': b'   48 |   \x1b[01;35m\x1b[Ktracer->SetLightCommand(BREATH, 0)\x1b[m\x1b[K;\n'}
[2.113189] (ugv_sdk) StderrLine: {'line': b'      |   \x1b[01;35m\x1b[K~~~~~~~~~~~~~~~~~~~~~~~^~~~~~~~~~~\x1b[m\x1b[K\n'}
[2.113222] (ugv_sdk) StderrLine: {'line': b'\x1b[01m\x1b[K/home/jacky/movecar_ws/src/ugv_sdk-main/sample/tracer_demo/tracer_robot_demo.cpp:51:26:\x1b[m\x1b[K \x1b[01;35m\x1b[Kwarning: \x1b[m\x1b[K\xe2\x80\x98\x1b[01m\x1b[Kthis\x1b[m\x1b[K\xe2\x80\x99 pointer is null [\x1b[01;35m\x1b[K\x1b]8;;https://gcc.gnu.org/onlinedocs/gcc/Warning-Options.html#index-Wnonnull\x07-Wnonnull\x1b]8;;\x07\x1b[m\x1b[K]\n'}
[2.113262] (ugv_sdk) StderrLine: {'line': b'   51 |   \x1b[01;35m\x1b[Ktracer->SetLightCommand(CUSTOM, 30)\x1b[m\x1b[K;\n'}
[2.113314] (ugv_sdk) StderrLine: {'line': b'      |   \x1b[01;35m\x1b[K~~~~~~~~~~~~~~~~~~~~~~~^~~~~~~~~~~~\x1b[m\x1b[K\n'}
[2.113348] (ugv_sdk) StderrLine: {'line': b'\x1b[01m\x1b[K/home/jacky/movecar_ws/src/ugv_sdk-main/sample/tracer_demo/tracer_robot_demo.cpp:55:26:\x1b[m\x1b[K \x1b[01;35m\x1b[Kwarning: \x1b[m\x1b[K\xe2\x80\x98\x1b[01m\x1b[Kthis\x1b[m\x1b[K\xe2\x80\x99 pointer is null [\x1b[01;35m\x1b[K\x1b]8;;https://gcc.gnu.org/onlinedocs/gcc/Warning-Options.html#index-Wnonnull\x07-Wnonnull\x1b]8;;\x07\x1b[m\x1b[K]\n'}
[2.113384] (ugv_sdk) StderrLine: {'line': b'   55 |   \x1b[01;35m\x1b[Ktracer->SetLightCommand(CONST_OFF, 0)\x1b[m\x1b[K;\n'}
[2.113418] (ugv_sdk) StderrLine: {'line': b'      |   \x1b[01;35m\x1b[K~~~~~~~~~~~~~~~~~~~~~~~^~~~~~~~~~~~~~\x1b[m\x1b[K\n'}
[2.113451] (ugv_sdk) StderrLine: {'line': b'\x1b[01m\x1b[K/home/jacky/movecar_ws/src/ugv_sdk-main/sample/tracer_demo/tracer_robot_demo.cpp:61:29:\x1b[m\x1b[K \x1b[01;35m\x1b[Kwarning: \x1b[m\x1b[K\xe2\x80\x98\x1b[01m\x1b[Kthis\x1b[m\x1b[K\xe2\x80\x99 pointer is null [\x1b[01;35m\x1b[K\x1b]8;;https://gcc.gnu.org/onlinedocs/gcc/Warning-Options.html#index-Wnonnull\x07-Wnonnull\x1b]8;;\x07\x1b[m\x1b[K]\n'}
[2.113486] (ugv_sdk) StderrLine: {'line': b'   61 |     \x1b[01;35m\x1b[Ktracer->SetMotionCommand(1.0, 0.0)\x1b[m\x1b[K;\n'}
[2.113519] (ugv_sdk) StderrLine: {'line': b'      |     \x1b[01;35m\x1b[K~~~~~~~~~~~~~~~~~~~~~~~~^~~~~~~~~~\x1b[m\x1b[K\n'}
[2.113552] (ugv_sdk) StderrLine: {'line': b'\x1b[01m\x1b[K/home/jacky/movecar_ws/src/ugv_sdk-main/sample/tracer_demo/tracer_robot_demo.cpp:64:39:\x1b[m\x1b[K \x1b[01;35m\x1b[Kwarning: \x1b[m\x1b[K\xe2\x80\x98\x1b[01m\x1b[Kthis\x1b[m\x1b[K\xe2\x80\x99 pointer is null [\x1b[01;35m\x1b[K\x1b]8;;https://gcc.gnu.org/onlinedocs/gcc/Warning-Options.html#index-Wnonnull\x07-Wnonnull\x1b]8;;\x07\x1b[m\x1b[K]\n'}
[2.113593] (ugv_sdk) StderrLine: {'line': b'   64 |     auto state = \x1b[01;35m\x1b[Ktracer->GetRobotState()\x1b[m\x1b[K;\n'}
[2.113629] (ugv_sdk) StderrLine: {'line': b'      |                  \x1b[01;35m\x1b[K~~~~~~~~~~~~~~~~~~~~~^~\x1b[m\x1b[K\n'}
[2.130636] (ugv_sdk) StdoutLine: {'line': b'[ 75%] \x1b[32m\x1b[1mLinking CXX executable ../../bin/demo_tracer_robot\x1b[0m\n'}
[2.151927] (ugv_sdk) StdoutLine: {'line': b'[ 79%] \x1b[32m\x1b[1mLinking CXX executable ../../bin/demo_bunker_robot\x1b[0m\n'}
[2.177610] (ugv_sdk) StdoutLine: {'line': b'[ 79%] Built target demo_tracer_robot\n'}
[2.200556] (ugv_sdk) StdoutLine: {'line': b'[ 79%] Built target demo_bunker_robot\n'}
[2.203474] (-) TimerEvent: {}
[2.303716] (-) TimerEvent: {}
[2.404016] (-) TimerEvent: {}
[2.504316] (-) TimerEvent: {}
[2.556912] (ugv_sdk) StdoutLine: {'line': b'[ 82%] \x1b[32m\x1b[1mLinking CXX executable ../../bin/demo_protocol_detector\x1b[0m\n'}
[2.582709] (ugv_sdk) StdoutLine: {'line': b'[ 86%] \x1b[32m\x1b[1mLinking CXX executable ../../bin/demo_robot_version\x1b[0m\n'}
[2.585603] (ugv_sdk) StdoutLine: {'line': b'[ 89%] \x1b[32m\x1b[1mLinking CXX executable ../../bin/demo_hunter_robot\x1b[0m\n'}
[2.604167] (ugv_sdk) StdoutLine: {'line': b'[ 89%] Built target demo_protocol_detector\n'}
[2.604408] (-) TimerEvent: {}
[2.606499] (ugv_sdk) StdoutLine: {'line': b'[ 93%] \x1b[32m\x1b[1mLinking CXX executable ../../bin/demo_scout_mini_omni_robot\x1b[0m\n'}
[2.611256] (ugv_sdk) StdoutLine: {'line': b'[ 96%] \x1b[32m\x1b[1mLinking CXX executable ../../bin/demo_scout_robot\x1b[0m\n'}
[2.631002] (ugv_sdk) StdoutLine: {'line': b'[ 96%] Built target demo_robot_version\n'}
[2.632252] (ugv_sdk) StdoutLine: {'line': b'[ 96%] Built target demo_hunter_robot\n'}
[2.650461] (ugv_sdk) StdoutLine: {'line': b'[ 96%] Built target demo_scout_mini_omni_robot\n'}
[2.653962] (ugv_sdk) StdoutLine: {'line': b'[ 96%] Built target demo_scout_robot\n'}
[2.662758] (ugv_sdk) StdoutLine: {'line': b'[100%] \x1b[32m\x1b[1mLinking CXX executable ../../bin/demo_ranger_robot\x1b[0m\n'}
[2.697045] (ugv_sdk) StdoutLine: {'line': b'[100%] Built target demo_ranger_robot\n'}
[2.701991] (ugv_sdk) CommandEnded: {'returncode': 0}
[2.702764] (ugv_sdk) JobProgress: {'identifier': 'ugv_sdk', 'progress': 'install'}
[2.702961] (ugv_sdk) Command: {'cmd': ['/usr/bin/cmake', '--install', '/home/jacky/movecar_ws/build/ugv_sdk'], 'cwd': '/home/jacky/movecar_ws/build/ugv_sdk', 'env': OrderedDict([('LESSOPEN', '| /usr/bin/lesspipe %s'), ('LANGUAGE', 'zh_CN:zh'), ('USER', 'jacky'), ('XDG_SESSION_TYPE', 'x11'), ('SHLVL', '1'), ('LD_LIBRARY_PATH', '/usr/lib/x86_64-linux-gnu/gazebo-11/plugins:/opt/ros/humble/opt/rviz_ogre_vendor/lib:/opt/ros/humble/lib/x86_64-linux-gnu:/opt/ros/humble/lib'), ('HOME', '/home/jacky'), ('OLDPWD', '/home/jacky'), ('DESKTOP_SESSION', 'ubuntu'), ('ROS_PYTHON_VERSION', '3'), ('GNOME_SHELL_SESSION_MODE', 'ubuntu'), ('GTK_MODULES', 'gail:atk-bridge'), ('SYSTEMD_EXEC_PID', '2019'), ('DBUS_SESSION_BUS_ADDRESS', 'unix:path=/run/user/1000/bus'), ('COLORTERM', 'truecolor'), ('ROS_DISTRO', 'humble'), ('GTK_IM_MODULE', 'ibus'), ('LOGNAME', 'jacky'), ('_', '/usr/bin/colcon'), ('ROS_VERSION', '2'), ('XDG_SESSION_CLASS', 'user'), ('USERNAME', 'jacky'), ('TERM', 'xterm-256color'), ('GNOME_DESKTOP_SESSION_ID', 'this-is-deprecated'), ('ROS_LOCALHOST_ONLY', '0'), ('WINDOWPATH', '2'), ('PATH', '/opt/ros/humble/bin:/home/jacky/.local/bin:/usr/local/sbin:/usr/local/bin:/usr/sbin:/usr/bin:/sbin:/bin:/usr/games:/usr/local/games:/snap/bin:/snap/bin'), ('SESSION_MANAGER', 'local/jacky-CANGLONG-Series:@/tmp/.ICE-unix/1768,unix/jacky-CANGLONG-Series:/tmp/.ICE-unix/1768'), ('XDG_MENU_PREFIX', 'gnome-'), ('GNOME_TERMINAL_SCREEN', '/org/gnome/Terminal/screen/eff170ea_b423_4083_994d_7c54a750d5a7'), ('XDG_RUNTIME_DIR', '/run/user/1000'), ('DISPLAY', ':0'), ('LANG', 'zh_CN.UTF-8'), ('XDG_CURRENT_DESKTOP', 'ubuntu:GNOME'), ('XMODIFIERS', '@im=ibus'), ('XDG_SESSION_DESKTOP', 'ubuntu'), ('XAUTHORITY', '/run/user/1000/gdm/Xauthority'), ('LS_COLORS', 'rs=0:di=01;34:ln=01;36:mh=00:pi=40;33:so=01;35:do=01;35:bd=40;33;01:cd=40;33;01:or=40;31;01:mi=00:su=37;41:sg=30;43:ca=30;41:tw=30;42:ow=34;42:st=37;44:ex=01;32:*.tar=01;31:*.tgz=01;31:*.arc=01;31:*.arj=01;31:*.taz=01;31:*.lha=01;31:*.lz4=01;31:*.lzh=01;31:*.lzma=01;31:*.tlz=01;31:*.txz=01;31:*.tzo=01;31:*.t7z=01;31:*.zip=01;31:*.z=01;31:*.dz=01;31:*.gz=01;31:*.lrz=01;31:*.lz=01;31:*.lzo=01;31:*.xz=01;31:*.zst=01;31:*.tzst=01;31:*.bz2=01;31:*.bz=01;31:*.tbz=01;31:*.tbz2=01;31:*.tz=01;31:*.deb=01;31:*.rpm=01;31:*.jar=01;31:*.war=01;31:*.ear=01;31:*.sar=01;31:*.rar=01;31:*.alz=01;31:*.ace=01;31:*.zoo=01;31:*.cpio=01;31:*.7z=01;31:*.rz=01;31:*.cab=01;31:*.wim=01;31:*.swm=01;31:*.dwm=01;31:*.esd=01;31:*.jpg=01;35:*.jpeg=01;35:*.mjpg=01;35:*.mjpeg=01;35:*.gif=01;35:*.bmp=01;35:*.pbm=01;35:*.pgm=01;35:*.ppm=01;35:*.tga=01;35:*.xbm=01;35:*.xpm=01;35:*.tif=01;35:*.tiff=01;35:*.png=01;35:*.svg=01;35:*.svgz=01;35:*.mng=01;35:*.pcx=01;35:*.mov=01;35:*.mpg=01;35:*.mpeg=01;35:*.m2v=01;35:*.mkv=01;35:*.webm=01;35:*.webp=01;35:*.ogm=01;35:*.mp4=01;35:*.m4v=01;35:*.mp4v=01;35:*.vob=01;35:*.qt=01;35:*.nuv=01;35:*.wmv=01;35:*.asf=01;35:*.rm=01;35:*.rmvb=01;35:*.flc=01;35:*.avi=01;35:*.fli=01;35:*.flv=01;35:*.gl=01;35:*.dl=01;35:*.xcf=01;35:*.xwd=01;35:*.yuv=01;35:*.cgm=01;35:*.emf=01;35:*.ogv=01;35:*.ogx=01;35:*.aac=00;36:*.au=00;36:*.flac=00;36:*.m4a=00;36:*.mid=00;36:*.midi=00;36:*.mka=00;36:*.mp3=00;36:*.mpc=00;36:*.ogg=00;36:*.ra=00;36:*.wav=00;36:*.oga=00;36:*.opus=00;36:*.spx=00;36:*.xspf=00;36:'), ('GNOME_TERMINAL_SERVICE', ':1.110'), ('SSH_AGENT_LAUNCHER', 'gnome-keyring'), ('SSH_AUTH_SOCK', '/run/user/1000/keyring/ssh'), ('AMENT_PREFIX_PATH', '/opt/ros/humble'), ('SHELL', '/bin/bash'), ('QT_ACCESSIBILITY', '1'), ('GDMSESSION', 'ubuntu'), ('LESSCLOSE', '/usr/bin/lesspipe %s %s'), ('GPG_AGENT_INFO', '/run/user/1000/gnupg/S.gpg-agent:0:1'), ('QT_IM_MODULE', 'ibus'), ('PWD', '/home/jacky/movecar_ws/build/ugv_sdk'), ('XDG_CONFIG_DIRS', '/etc/xdg/xdg-ubuntu:/etc/xdg'), ('XDG_DATA_DIRS', '/usr/share/ubuntu:/usr/share/gnome:/usr/local/share/:/usr/share/:/var/lib/snapd/desktop'), ('PYTHONPATH', '/opt/ros/humble/lib/python3.10/site-packages:/opt/ros/humble/local/lib/python3.10/dist-packages'), ('COLCON', '1'), ('VTE_VERSION', '6800')]), 'shell': False}
[2.704463] (-) TimerEvent: {}
[2.705646] (ugv_sdk) StdoutLine: {'line': b'-- Install configuration: "Release"\n'}
[2.705709] (ugv_sdk) StdoutLine: {'line': b'-- Installing: /home/jacky/movecar_ws/install/ugv_sdk/lib/libugv_sdk.a\n'}
[2.706258] (ugv_sdk) StdoutLine: {'line': b'-- Installing: /home/jacky/movecar_ws/install/ugv_sdk/include/ugv_sdk\n'}
[2.706310] (ugv_sdk) StdoutLine: {'line': b'-- Installing: /home/jacky/movecar_ws/install/ugv_sdk/include/ugv_sdk/mobile_robot\n'}
[2.706339] (ugv_sdk) StdoutLine: {'line': b'-- Installing: /home/jacky/movecar_ws/install/ugv_sdk/include/ugv_sdk/mobile_robot/tracer_robot.hpp\n'}
[2.706365] (ugv_sdk) StdoutLine: {'line': b'-- Installing: /home/jacky/movecar_ws/install/ugv_sdk/include/ugv_sdk/mobile_robot/titan_robot.hpp\n'}
[2.706390] (ugv_sdk) StdoutLine: {'line': b'-- Installing: /home/jacky/movecar_ws/install/ugv_sdk/include/ugv_sdk/mobile_robot/bunker_robot.hpp\n'}
[2.706414] (ugv_sdk) StdoutLine: {'line': b'-- Installing: /home/jacky/movecar_ws/install/ugv_sdk/include/ugv_sdk/mobile_robot/scout_robot.hpp\n'}
[2.706436] (ugv_sdk) StdoutLine: {'line': b'-- Installing: /home/jacky/movecar_ws/install/ugv_sdk/include/ugv_sdk/mobile_robot/ranger_robot.hpp\n'}
[2.706459] (ugv_sdk) StdoutLine: {'line': b'-- Installing: /home/jacky/movecar_ws/install/ugv_sdk/include/ugv_sdk/mobile_robot/hunter_robot.hpp\n'}
[2.706484] (ugv_sdk) StdoutLine: {'line': b'-- Installing: /home/jacky/movecar_ws/install/ugv_sdk/include/ugv_sdk/utilities\n'}
[2.706508] (ugv_sdk) StdoutLine: {'line': b'-- Installing: /home/jacky/movecar_ws/install/ugv_sdk/include/ugv_sdk/utilities/protocol_detector.hpp\n'}
[2.706531] (ugv_sdk) StdoutLine: {'line': b'-- Installing: /home/jacky/movecar_ws/install/ugv_sdk/include/ugv_sdk/details\n'}
[2.706556] (ugv_sdk) StdoutLine: {'line': b'-- Installing: /home/jacky/movecar_ws/install/ugv_sdk/include/ugv_sdk/details/protocol_v2\n'}
[2.706581] (ugv_sdk) StdoutLine: {'line': b'-- Installing: /home/jacky/movecar_ws/install/ugv_sdk/include/ugv_sdk/details/protocol_v2/protocol_v2_parser.hpp\n'}
[2.706604] (ugv_sdk) StdoutLine: {'line': b'-- Installing: /home/jacky/movecar_ws/install/ugv_sdk/include/ugv_sdk/details/async_port\n'}
[2.706629] (ugv_sdk) StdoutLine: {'line': b'-- Installing: /home/jacky/movecar_ws/install/ugv_sdk/include/ugv_sdk/details/async_port/async_can.hpp\n'}
[2.706654] (ugv_sdk) StdoutLine: {'line': b'-- Installing: /home/jacky/movecar_ws/install/ugv_sdk/include/ugv_sdk/details/async_port/async_serial.hpp\n'}
[2.706678] (ugv_sdk) StdoutLine: {'line': b'-- Installing: /home/jacky/movecar_ws/install/ugv_sdk/include/ugv_sdk/details/async_port/ring_buffer.hpp\n'}
[2.706702] (ugv_sdk) StdoutLine: {'line': b'-- Installing: /home/jacky/movecar_ws/install/ugv_sdk/include/ugv_sdk/details/robot_base\n'}
[2.706725] (ugv_sdk) StdoutLine: {'line': b'-- Installing: /home/jacky/movecar_ws/install/ugv_sdk/include/ugv_sdk/details/robot_base/ranger_base.hpp\n'}
[2.706748] (ugv_sdk) StdoutLine: {'line': b'-- Installing: /home/jacky/movecar_ws/install/ugv_sdk/include/ugv_sdk/details/robot_base/hunter_base.hpp\n'}
[2.706771] (ugv_sdk) StdoutLine: {'line': b'-- Installing: /home/jacky/movecar_ws/install/ugv_sdk/include/ugv_sdk/details/robot_base/scout_base.hpp\n'}
[2.706795] (ugv_sdk) StdoutLine: {'line': b'-- Installing: /home/jacky/movecar_ws/install/ugv_sdk/include/ugv_sdk/details/robot_base/agilex_base.hpp\n'}
[2.706817] (ugv_sdk) StdoutLine: {'line': b'-- Installing: /home/jacky/movecar_ws/install/ugv_sdk/include/ugv_sdk/details/robot_base/bunker_base.hpp\n'}
[2.706840] (ugv_sdk) StdoutLine: {'line': b'-- Installing: /home/jacky/movecar_ws/install/ugv_sdk/include/ugv_sdk/details/robot_base/tracer_base.hpp\n'}
[2.706863] (ugv_sdk) StdoutLine: {'line': b'-- Installing: /home/jacky/movecar_ws/install/ugv_sdk/include/ugv_sdk/details/robot_base/titan_base.hpp\n'}
[2.706886] (ugv_sdk) StdoutLine: {'line': b'-- Installing: /home/jacky/movecar_ws/install/ugv_sdk/include/ugv_sdk/details/parser_base.hpp\n'}
[2.706906] (ugv_sdk) StdoutLine: {'line': b'-- Installing: /home/jacky/movecar_ws/install/ugv_sdk/include/ugv_sdk/details/interface\n'}
[2.706929] (ugv_sdk) StdoutLine: {'line': b'-- Installing: /home/jacky/movecar_ws/install/ugv_sdk/include/ugv_sdk/details/interface/tracer_interface.hpp\n'}
[2.706952] (ugv_sdk) StdoutLine: {'line': b'-- Installing: /home/jacky/movecar_ws/install/ugv_sdk/include/ugv_sdk/details/interface/scout_interface.hpp\n'}
[2.706974] (ugv_sdk) StdoutLine: {'line': b'-- Installing: /home/jacky/movecar_ws/install/ugv_sdk/include/ugv_sdk/details/interface/agilex_message.h\n'}
[2.706999] (ugv_sdk) StdoutLine: {'line': b'-- Installing: /home/jacky/movecar_ws/install/ugv_sdk/include/ugv_sdk/details/interface/hunter_interface.hpp\n'}
[2.707022] (ugv_sdk) StdoutLine: {'line': b'-- Installing: /home/jacky/movecar_ws/install/ugv_sdk/include/ugv_sdk/details/interface/agilex_types.h\n'}
[2.707048] (ugv_sdk) StdoutLine: {'line': b'-- Installing: /home/jacky/movecar_ws/install/ugv_sdk/include/ugv_sdk/details/interface/ranger_interface.hpp\n'}
[2.707071] (ugv_sdk) StdoutLine: {'line': b'-- Installing: /home/jacky/movecar_ws/install/ugv_sdk/include/ugv_sdk/details/interface/titan_interface.hpp\n'}
[2.707097] (ugv_sdk) StdoutLine: {'line': b'-- Installing: /home/jacky/movecar_ws/install/ugv_sdk/include/ugv_sdk/details/interface/robot_common_interface.hpp\n'}
[2.707122] (ugv_sdk) StdoutLine: {'line': b'-- Installing: /home/jacky/movecar_ws/install/ugv_sdk/include/ugv_sdk/details/interface/bunker_interface.hpp\n'}
[2.707146] (ugv_sdk) StdoutLine: {'line': b'-- Installing: /home/jacky/movecar_ws/install/ugv_sdk/include/ugv_sdk/details/protocol_v1\n'}
[2.707169] (ugv_sdk) StdoutLine: {'line': b'-- Installing: /home/jacky/movecar_ws/install/ugv_sdk/include/ugv_sdk/details/protocol_v1/protocol_v1_parser.hpp\n'}
[2.707191] (ugv_sdk) StdoutLine: {'line': b'-- Installing: /home/jacky/movecar_ws/install/ugv_sdk/include/ugv_sdk/details/protocol_v1/agilex_msg_parser_v1.h\n'}
[2.707214] (ugv_sdk) StdoutLine: {'line': b'-- Installing: /home/jacky/movecar_ws/install/ugv_sdk/include/ugv_sdk/details/protocol_v1/robot_limits.hpp\n'}
[2.707273] (ugv_sdk) StdoutLine: {'line': b'-- Installing: /home/jacky/movecar_ws/install/ugv_sdk/lib/cmake/ugv_sdk/ugv_sdkTargets.cmake\n'}
[2.707319] (ugv_sdk) StdoutLine: {'line': b'-- Installing: /home/jacky/movecar_ws/install/ugv_sdk/lib/cmake/ugv_sdk/ugv_sdkTargets-release.cmake\n'}
[2.707352] (ugv_sdk) StdoutLine: {'line': b'-- Installing: /home/jacky/movecar_ws/install/ugv_sdk/lib/cmake/ugv_sdk/ugv_sdkConfig.cmake\n'}
[2.707378] (ugv_sdk) StdoutLine: {'line': b'-- Installing: /home/jacky/movecar_ws/install/ugv_sdk/lib/cmake/ugv_sdk/ugv_sdkConfigVersion.cmake\n'}
[2.708397] (ugv_sdk) CommandEnded: {'returncode': 0}
[2.714993] (ugv_sdk) JobEnded: {'identifier': 'ugv_sdk', 'rc': 0}
[2.715356] (tracer_base) JobStarted: {'identifier': 'tracer_base'}
[2.719437] (tracer_base) JobProgress: {'identifier': 'tracer_base', 'progress': 'cmake'}
[2.719642] (tracer_base) Command: {'cmd': ['/usr/bin/cmake', '/home/jacky/movecar_ws/src/tracer_ros2-humble/tracer_base', '-DCMAKE_INSTALL_PREFIX=/home/jacky/movecar_ws/install/tracer_base'], 'cwd': '/home/jacky/movecar_ws/build/tracer_base', 'env': OrderedDict([('LESSOPEN', '| /usr/bin/lesspipe %s'), ('LANGUAGE', 'zh_CN:zh'), ('USER', 'jacky'), ('XDG_SESSION_TYPE', 'x11'), ('ROS_PACKAGE_PATH', '/home/jacky/movecar_ws/install/ugv_sdk/share'), ('SHLVL', '1'), ('LD_LIBRARY_PATH', '/home/jacky/movecar_ws/install/tracer_msgs/lib:/usr/lib/x86_64-linux-gnu/gazebo-11/plugins:/opt/ros/humble/opt/rviz_ogre_vendor/lib:/opt/ros/humble/lib/x86_64-linux-gnu:/opt/ros/humble/lib'), ('HOME', '/home/jacky'), ('OLDPWD', '/home/jacky'), ('DESKTOP_SESSION', 'ubuntu'), ('ROS_PYTHON_VERSION', '3'), ('GNOME_SHELL_SESSION_MODE', 'ubuntu'), ('GTK_MODULES', 'gail:atk-bridge'), ('SYSTEMD_EXEC_PID', '2019'), ('DBUS_SESSION_BUS_ADDRESS', 'unix:path=/run/user/1000/bus'), ('COLORTERM', 'truecolor'), ('ROS_DISTRO', 'humble'), ('GTK_IM_MODULE', 'ibus'), ('LOGNAME', 'jacky'), ('_', '/usr/bin/colcon'), ('ROS_VERSION', '2'), ('XDG_SESSION_CLASS', 'user'), ('PKG_CONFIG_PATH', '/home/jacky/movecar_ws/install/ugv_sdk/lib/x86_64-linux-gnu/pkgconfig:/home/jacky/movecar_ws/install/ugv_sdk/lib/pkgconfig'), ('USERNAME', 'jacky'), ('TERM', 'xterm-256color'), ('GNOME_DESKTOP_SESSION_ID', 'this-is-deprecated'), ('ROS_LOCALHOST_ONLY', '0'), ('WINDOWPATH', '2'), ('PATH', '/opt/ros/humble/bin:/home/jacky/.local/bin:/usr/local/sbin:/usr/local/bin:/usr/sbin:/usr/bin:/sbin:/bin:/usr/games:/usr/local/games:/snap/bin:/snap/bin'), ('SESSION_MANAGER', 'local/jacky-CANGLONG-Series:@/tmp/.ICE-unix/1768,unix/jacky-CANGLONG-Series:/tmp/.ICE-unix/1768'), ('XDG_MENU_PREFIX', 'gnome-'), ('GNOME_TERMINAL_SCREEN', '/org/gnome/Terminal/screen/eff170ea_b423_4083_994d_7c54a750d5a7'), ('XDG_RUNTIME_DIR', '/run/user/1000'), ('DISPLAY', ':0'), ('LANG', 'zh_CN.UTF-8'), ('XDG_CURRENT_DESKTOP', 'ubuntu:GNOME'), ('XMODIFIERS', '@im=ibus'), ('XDG_SESSION_DESKTOP', 'ubuntu'), ('XAUTHORITY', '/run/user/1000/gdm/Xauthority'), ('LS_COLORS', 'rs=0:di=01;34:ln=01;36:mh=00:pi=40;33:so=01;35:do=01;35:bd=40;33;01:cd=40;33;01:or=40;31;01:mi=00:su=37;41:sg=30;43:ca=30;41:tw=30;42:ow=34;42:st=37;44:ex=01;32:*.tar=01;31:*.tgz=01;31:*.arc=01;31:*.arj=01;31:*.taz=01;31:*.lha=01;31:*.lz4=01;31:*.lzh=01;31:*.lzma=01;31:*.tlz=01;31:*.txz=01;31:*.tzo=01;31:*.t7z=01;31:*.zip=01;31:*.z=01;31:*.dz=01;31:*.gz=01;31:*.lrz=01;31:*.lz=01;31:*.lzo=01;31:*.xz=01;31:*.zst=01;31:*.tzst=01;31:*.bz2=01;31:*.bz=01;31:*.tbz=01;31:*.tbz2=01;31:*.tz=01;31:*.deb=01;31:*.rpm=01;31:*.jar=01;31:*.war=01;31:*.ear=01;31:*.sar=01;31:*.rar=01;31:*.alz=01;31:*.ace=01;31:*.zoo=01;31:*.cpio=01;31:*.7z=01;31:*.rz=01;31:*.cab=01;31:*.wim=01;31:*.swm=01;31:*.dwm=01;31:*.esd=01;31:*.jpg=01;35:*.jpeg=01;35:*.mjpg=01;35:*.mjpeg=01;35:*.gif=01;35:*.bmp=01;35:*.pbm=01;35:*.pgm=01;35:*.ppm=01;35:*.tga=01;35:*.xbm=01;35:*.xpm=01;35:*.tif=01;35:*.tiff=01;35:*.png=01;35:*.svg=01;35:*.svgz=01;35:*.mng=01;35:*.pcx=01;35:*.mov=01;35:*.mpg=01;35:*.mpeg=01;35:*.m2v=01;35:*.mkv=01;35:*.webm=01;35:*.webp=01;35:*.ogm=01;35:*.mp4=01;35:*.m4v=01;35:*.mp4v=01;35:*.vob=01;35:*.qt=01;35:*.nuv=01;35:*.wmv=01;35:*.asf=01;35:*.rm=01;35:*.rmvb=01;35:*.flc=01;35:*.avi=01;35:*.fli=01;35:*.flv=01;35:*.gl=01;35:*.dl=01;35:*.xcf=01;35:*.xwd=01;35:*.yuv=01;35:*.cgm=01;35:*.emf=01;35:*.ogv=01;35:*.ogx=01;35:*.aac=00;36:*.au=00;36:*.flac=00;36:*.m4a=00;36:*.mid=00;36:*.midi=00;36:*.mka=00;36:*.mp3=00;36:*.mpc=00;36:*.ogg=00;36:*.ra=00;36:*.wav=00;36:*.oga=00;36:*.opus=00;36:*.spx=00;36:*.xspf=00;36:'), ('GNOME_TERMINAL_SERVICE', ':1.110'), ('SSH_AGENT_LAUNCHER', 'gnome-keyring'), ('SSH_AUTH_SOCK', '/run/user/1000/keyring/ssh'), ('AMENT_PREFIX_PATH', '/home/jacky/movecar_ws/install/tracer_msgs:/opt/ros/humble'), ('SHELL', '/bin/bash'), ('QT_ACCESSIBILITY', '1'), ('GDMSESSION', 'ubuntu'), ('LESSCLOSE', '/usr/bin/lesspipe %s %s'), ('GPG_AGENT_INFO', '/run/user/1000/gnupg/S.gpg-agent:0:1'), ('QT_IM_MODULE', 'ibus'), ('PWD', '/home/jacky/movecar_ws/build/tracer_base'), ('XDG_CONFIG_DIRS', '/etc/xdg/xdg-ubuntu:/etc/xdg'), ('XDG_DATA_DIRS', '/usr/share/ubuntu:/usr/share/gnome:/usr/local/share/:/usr/share/:/var/lib/snapd/desktop'), ('PYTHONPATH', '/home/jacky/movecar_ws/install/tracer_msgs/local/lib/python3.10/dist-packages:/opt/ros/humble/lib/python3.10/site-packages:/opt/ros/humble/local/lib/python3.10/dist-packages'), ('COLCON', '1'), ('VTE_VERSION', '6800'), ('CMAKE_PREFIX_PATH', '/opt/ros/humble:/home/jacky/movecar_ws/install/ugv_sdk:/home/jacky/movecar_ws/install/tracer_msgs')]), 'shell': False}
[2.746334] (tracer_base) StdoutLine: {'line': b'-- The C compiler identification is GNU 12.3.0\n'}
[2.772191] (tracer_base) StdoutLine: {'line': b'-- The CXX compiler identification is GNU 11.4.0\n'}
[2.776609] (tracer_base) StdoutLine: {'line': b'-- Detecting C compiler ABI info\n'}
[2.804531] (-) TimerEvent: {}
[2.808973] (tracer_base) StdoutLine: {'line': b'-- Detecting C compiler ABI info - done\n'}
[2.812411] (tracer_base) StdoutLine: {'line': b'-- Check for working C compiler: /usr/bin/cc - skipped\n'}
[2.812518] (tracer_base) StdoutLine: {'line': b'-- Detecting C compile features\n'}
[2.812713] (tracer_base) StdoutLine: {'line': b'-- Detecting C compile features - done\n'}
[2.813977] (tracer_base) StdoutLine: {'line': b'-- Detecting CXX compiler ABI info\n'}
[2.848236] (tracer_base) StdoutLine: {'line': b'-- Detecting CXX compiler ABI info - done\n'}
[2.851167] (tracer_base) StdoutLine: {'line': b'-- Check for working CXX compiler: /usr/bin/c++ - skipped\n'}
[2.851310] (tracer_base) StdoutLine: {'line': b'-- Detecting CXX compile features\n'}
[2.851516] (tracer_base) StdoutLine: {'line': b'-- Detecting CXX compile features - done\n'}
[2.852432] (tracer_base) StdoutLine: {'line': b'-- Found ament_cmake: 1.3.12 (/opt/ros/humble/share/ament_cmake/cmake)\n'}
[2.904594] (-) TimerEvent: {}
[2.918647] (tracer_base) StdoutLine: {'line': b'-- Found Python3: /usr/bin/python3 (found version "3.10.12") found components: Interpreter \n'}
[2.964754] (tracer_base) StdoutLine: {'line': b'-- Found rclcpp: 16.0.15 (/opt/ros/humble/share/rclcpp/cmake)\n'}
[2.985172] (tracer_base) StdoutLine: {'line': b'-- Found rosidl_generator_c: 3.1.7 (/opt/ros/humble/share/rosidl_generator_c/cmake)\n'}
[2.986972] (tracer_base) StdoutLine: {'line': b'-- Found rosidl_adapter: 3.1.7 (/opt/ros/humble/share/rosidl_adapter/cmake)\n'}
[2.990093] (tracer_base) StdoutLine: {'line': b'-- Found rosidl_generator_cpp: 3.1.7 (/opt/ros/humble/share/rosidl_generator_cpp/cmake)\n'}
[2.994506] (tracer_base) StdoutLine: {'line': b'-- Using all available rosidl_typesupport_c: rosidl_typesupport_fastrtps_c;rosidl_typesupport_introspection_c\n'}
[3.000309] (tracer_base) StdoutLine: {'line': b'-- Using all available rosidl_typesupport_cpp: rosidl_typesupport_fastrtps_cpp;rosidl_typesupport_introspection_cpp\n'}
[3.004674] (-) TimerEvent: {}
[3.025448] (tracer_base) StdoutLine: {'line': b'-- Found rmw_implementation_cmake: 6.1.2 (/opt/ros/humble/share/rmw_implementation_cmake/cmake)\n'}
[3.027250] (tracer_base) StdoutLine: {'line': b'-- Found rmw_fastrtps_cpp: 6.2.9 (/opt/ros/humble/share/rmw_fastrtps_cpp/cmake)\n'}
[3.079605] (tracer_base) StdoutLine: {'line': b'-- Found OpenSSL: /usr/lib/x86_64-linux-gnu/libcrypto.so (found version "3.0.2")  \n'}
[3.092998] (tracer_base) StdoutLine: {'line': b'-- Found FastRTPS: /opt/ros/humble/include  \n'}
[3.104779] (-) TimerEvent: {}
[3.111508] (tracer_base) StdoutLine: {'line': b"-- Using RMW implementation 'rmw_fastrtps_cpp' as default\n"}
[3.115827] (tracer_base) StdoutLine: {'line': b'-- Looking for pthread.h\n'}
[3.149774] (tracer_base) StdoutLine: {'line': b'-- Looking for pthread.h - found\n'}
[3.149980] (tracer_base) StdoutLine: {'line': b'-- Performing Test CMAKE_HAVE_LIBC_PTHREAD\n'}
[3.180784] (tracer_base) StdoutLine: {'line': b'-- Performing Test CMAKE_HAVE_LIBC_PTHREAD - Success\n'}
[3.181286] (tracer_base) StdoutLine: {'line': b'-- Found Threads: TRUE  \n'}
[3.204867] (-) TimerEvent: {}
[3.206764] (tracer_base) StdoutLine: {'line': b'-- Found geometry_msgs: 4.9.0 (/opt/ros/humble/share/geometry_msgs/cmake)\n'}
[3.214993] (tracer_base) StdoutLine: {'line': b'-- Found nav_msgs: 4.9.0 (/opt/ros/humble/share/nav_msgs/cmake)\n'}
[3.223964] (tracer_base) StdoutLine: {'line': b'-- Found sensor_msgs: 4.9.0 (/opt/ros/humble/share/sensor_msgs/cmake)\n'}
[3.233208] (tracer_base) StdoutLine: {'line': b'-- Found tf2: 0.25.16 (/opt/ros/humble/share/tf2/cmake)\n'}
[3.238677] (tracer_base) StdoutLine: {'line': b'-- Found tf2_ros: 0.25.16 (/opt/ros/humble/share/tf2_ros/cmake)\n'}
[3.283460] (tracer_base) StdoutLine: {'line': b'-- Found tf2_geometry_msgs: 0.25.16 (/opt/ros/humble/share/tf2_geometry_msgs/cmake)\n'}
[3.290683] (tracer_base) StdoutLine: {'line': b'-- Found eigen3_cmake_module: 0.1.1 (/opt/ros/humble/share/eigen3_cmake_module/cmake)\n'}
[3.291372] (tracer_base) StdoutLine: {'line': b'-- Found Eigen3: TRUE (found version "3.4.0") \n'}
[3.291528] (tracer_base) StdoutLine: {'line': b'-- Ensuring Eigen3 include directory is part of orocos-kdl CMake target\n'}
[3.292426] (tracer_base) StdoutLine: {'line': b'-- Found tracer_msgs: 0.1.0 (/home/jacky/movecar_ws/install/tracer_msgs/share/tracer_msgs/cmake)\n'}
[3.300243] (tracer_base) StdoutLine: {'line': b'-- Found ament_lint_auto: 0.12.14 (/opt/ros/humble/share/ament_lint_auto/cmake)\n'}
[3.304972] (-) TimerEvent: {}
[3.335520] (tracer_base) StdoutLine: {'line': b"-- Added test 'copyright' to check source files copyright and LICENSE\n"}
[3.335902] (tracer_base) StdoutLine: {'line': b"-- Added test 'cppcheck' to perform static code analysis on C / C++ code\n"}
[3.336065] (tracer_base) StdoutLine: {'line': b'-- Configured cppcheck include dirs: /home/jacky/movecar_ws/src/tracer_ros2-humble/tracer_base/include\n'}
[3.336147] (tracer_base) StdoutLine: {'line': b'-- Configured cppcheck exclude dirs and/or files: \n'}
[3.336240] (tracer_base) StdoutLine: {'line': b"-- Added test 'cpplint' to check C / C++ code against the Google style\n"}
[3.336350] (tracer_base) StdoutLine: {'line': b'-- Configured cpplint exclude dirs and/or files: \n'}
[3.336426] (tracer_base) StdoutLine: {'line': b"-- Added test 'flake8' to check Python code syntax and style conventions\n"}
[3.336560] (tracer_base) StdoutLine: {'line': b"-- Added test 'lint_cmake' to check CMake code style\n"}
[3.336681] (tracer_base) StdoutLine: {'line': b"-- Added test 'pep257' to check Python code against some of the docstring style conventions in PEP 257\n"}
[3.336926] (tracer_base) StdoutLine: {'line': b"-- Added test 'uncrustify' to check C / C++ code style\n"}
[3.336954] (tracer_base) StdoutLine: {'line': b'-- Configured uncrustify additional arguments: \n'}
[3.337061] (tracer_base) StdoutLine: {'line': b"-- Added test 'xmllint' to check XML markup files\n"}
[3.337399] (tracer_base) StdoutLine: {'line': b'-- Configuring done\n'}
[3.342736] (tracer_base) StdoutLine: {'line': b'-- Generating done\n'}
[3.344388] (tracer_base) StdoutLine: {'line': b'-- Build files have been written to: /home/jacky/movecar_ws/build/tracer_base\n'}
[3.349955] (tracer_base) CommandEnded: {'returncode': 0}
[3.350269] (tracer_base) JobProgress: {'identifier': 'tracer_base', 'progress': 'build'}
[3.350493] (tracer_base) Command: {'cmd': ['/usr/bin/cmake', '--build', '/home/jacky/movecar_ws/build/tracer_base', '--', '-j32', '-l32'], 'cwd': '/home/jacky/movecar_ws/build/tracer_base', 'env': OrderedDict([('LESSOPEN', '| /usr/bin/lesspipe %s'), ('LANGUAGE', 'zh_CN:zh'), ('USER', 'jacky'), ('XDG_SESSION_TYPE', 'x11'), ('ROS_PACKAGE_PATH', '/home/jacky/movecar_ws/install/ugv_sdk/share'), ('SHLVL', '1'), ('LD_LIBRARY_PATH', '/home/jacky/movecar_ws/install/tracer_msgs/lib:/usr/lib/x86_64-linux-gnu/gazebo-11/plugins:/opt/ros/humble/opt/rviz_ogre_vendor/lib:/opt/ros/humble/lib/x86_64-linux-gnu:/opt/ros/humble/lib'), ('HOME', '/home/jacky'), ('OLDPWD', '/home/jacky'), ('DESKTOP_SESSION', 'ubuntu'), ('ROS_PYTHON_VERSION', '3'), ('GNOME_SHELL_SESSION_MODE', 'ubuntu'), ('GTK_MODULES', 'gail:atk-bridge'), ('SYSTEMD_EXEC_PID', '2019'), ('DBUS_SESSION_BUS_ADDRESS', 'unix:path=/run/user/1000/bus'), ('COLORTERM', 'truecolor'), ('ROS_DISTRO', 'humble'), ('GTK_IM_MODULE', 'ibus'), ('LOGNAME', 'jacky'), ('_', '/usr/bin/colcon'), ('ROS_VERSION', '2'), ('XDG_SESSION_CLASS', 'user'), ('PKG_CONFIG_PATH', '/home/jacky/movecar_ws/install/ugv_sdk/lib/x86_64-linux-gnu/pkgconfig:/home/jacky/movecar_ws/install/ugv_sdk/lib/pkgconfig'), ('USERNAME', 'jacky'), ('TERM', 'xterm-256color'), ('GNOME_DESKTOP_SESSION_ID', 'this-is-deprecated'), ('ROS_LOCALHOST_ONLY', '0'), ('WINDOWPATH', '2'), ('PATH', '/opt/ros/humble/bin:/home/jacky/.local/bin:/usr/local/sbin:/usr/local/bin:/usr/sbin:/usr/bin:/sbin:/bin:/usr/games:/usr/local/games:/snap/bin:/snap/bin'), ('SESSION_MANAGER', 'local/jacky-CANGLONG-Series:@/tmp/.ICE-unix/1768,unix/jacky-CANGLONG-Series:/tmp/.ICE-unix/1768'), ('XDG_MENU_PREFIX', 'gnome-'), ('GNOME_TERMINAL_SCREEN', '/org/gnome/Terminal/screen/eff170ea_b423_4083_994d_7c54a750d5a7'), ('XDG_RUNTIME_DIR', '/run/user/1000'), ('DISPLAY', ':0'), ('LANG', 'zh_CN.UTF-8'), ('XDG_CURRENT_DESKTOP', 'ubuntu:GNOME'), ('XMODIFIERS', '@im=ibus'), ('XDG_SESSION_DESKTOP', 'ubuntu'), ('XAUTHORITY', '/run/user/1000/gdm/Xauthority'), ('LS_COLORS', 'rs=0:di=01;34:ln=01;36:mh=00:pi=40;33:so=01;35:do=01;35:bd=40;33;01:cd=40;33;01:or=40;31;01:mi=00:su=37;41:sg=30;43:ca=30;41:tw=30;42:ow=34;42:st=37;44:ex=01;32:*.tar=01;31:*.tgz=01;31:*.arc=01;31:*.arj=01;31:*.taz=01;31:*.lha=01;31:*.lz4=01;31:*.lzh=01;31:*.lzma=01;31:*.tlz=01;31:*.txz=01;31:*.tzo=01;31:*.t7z=01;31:*.zip=01;31:*.z=01;31:*.dz=01;31:*.gz=01;31:*.lrz=01;31:*.lz=01;31:*.lzo=01;31:*.xz=01;31:*.zst=01;31:*.tzst=01;31:*.bz2=01;31:*.bz=01;31:*.tbz=01;31:*.tbz2=01;31:*.tz=01;31:*.deb=01;31:*.rpm=01;31:*.jar=01;31:*.war=01;31:*.ear=01;31:*.sar=01;31:*.rar=01;31:*.alz=01;31:*.ace=01;31:*.zoo=01;31:*.cpio=01;31:*.7z=01;31:*.rz=01;31:*.cab=01;31:*.wim=01;31:*.swm=01;31:*.dwm=01;31:*.esd=01;31:*.jpg=01;35:*.jpeg=01;35:*.mjpg=01;35:*.mjpeg=01;35:*.gif=01;35:*.bmp=01;35:*.pbm=01;35:*.pgm=01;35:*.ppm=01;35:*.tga=01;35:*.xbm=01;35:*.xpm=01;35:*.tif=01;35:*.tiff=01;35:*.png=01;35:*.svg=01;35:*.svgz=01;35:*.mng=01;35:*.pcx=01;35:*.mov=01;35:*.mpg=01;35:*.mpeg=01;35:*.m2v=01;35:*.mkv=01;35:*.webm=01;35:*.webp=01;35:*.ogm=01;35:*.mp4=01;35:*.m4v=01;35:*.mp4v=01;35:*.vob=01;35:*.qt=01;35:*.nuv=01;35:*.wmv=01;35:*.asf=01;35:*.rm=01;35:*.rmvb=01;35:*.flc=01;35:*.avi=01;35:*.fli=01;35:*.flv=01;35:*.gl=01;35:*.dl=01;35:*.xcf=01;35:*.xwd=01;35:*.yuv=01;35:*.cgm=01;35:*.emf=01;35:*.ogv=01;35:*.ogx=01;35:*.aac=00;36:*.au=00;36:*.flac=00;36:*.m4a=00;36:*.mid=00;36:*.midi=00;36:*.mka=00;36:*.mp3=00;36:*.mpc=00;36:*.ogg=00;36:*.ra=00;36:*.wav=00;36:*.oga=00;36:*.opus=00;36:*.spx=00;36:*.xspf=00;36:'), ('GNOME_TERMINAL_SERVICE', ':1.110'), ('SSH_AGENT_LAUNCHER', 'gnome-keyring'), ('SSH_AUTH_SOCK', '/run/user/1000/keyring/ssh'), ('AMENT_PREFIX_PATH', '/home/jacky/movecar_ws/install/tracer_msgs:/opt/ros/humble'), ('SHELL', '/bin/bash'), ('QT_ACCESSIBILITY', '1'), ('GDMSESSION', 'ubuntu'), ('LESSCLOSE', '/usr/bin/lesspipe %s %s'), ('GPG_AGENT_INFO', '/run/user/1000/gnupg/S.gpg-agent:0:1'), ('QT_IM_MODULE', 'ibus'), ('PWD', '/home/jacky/movecar_ws/build/tracer_base'), ('XDG_CONFIG_DIRS', '/etc/xdg/xdg-ubuntu:/etc/xdg'), ('XDG_DATA_DIRS', '/usr/share/ubuntu:/usr/share/gnome:/usr/local/share/:/usr/share/:/var/lib/snapd/desktop'), ('PYTHONPATH', '/home/jacky/movecar_ws/install/tracer_msgs/local/lib/python3.10/dist-packages:/opt/ros/humble/lib/python3.10/site-packages:/opt/ros/humble/local/lib/python3.10/dist-packages'), ('COLCON', '1'), ('VTE_VERSION', '6800'), ('CMAKE_PREFIX_PATH', '/opt/ros/humble:/home/jacky/movecar_ws/install/ugv_sdk:/home/jacky/movecar_ws/install/tracer_msgs')]), 'shell': False}
[3.372662] (tracer_base) StdoutLine: {'line': b'[ 33%] \x1b[32mBuilding CXX object CMakeFiles/tracer_base_node.dir/src/tracer_base_node.cpp.o\x1b[0m\n'}
[3.372837] (tracer_base) StdoutLine: {'line': b'[ 66%] \x1b[32mBuilding CXX object CMakeFiles/tracer_base_node.dir/src/tracer_base_ros.cpp.o\x1b[0m\n'}
[3.405036] (-) TimerEvent: {}
[3.505216] (-) TimerEvent: {}
[3.605502] (-) TimerEvent: {}
[3.705774] (-) TimerEvent: {}
[3.806029] (-) TimerEvent: {}
[3.906313] (-) TimerEvent: {}
[4.006578] (-) TimerEvent: {}
[4.106845] (-) TimerEvent: {}
[4.207107] (-) TimerEvent: {}
[4.307367] (-) TimerEvent: {}
[4.408168] (-) TimerEvent: {}
[4.508898] (-) TimerEvent: {}
[4.609441] (-) TimerEvent: {}
[4.710147] (-) TimerEvent: {}
[4.810891] (-) TimerEvent: {}
[4.911603] (-) TimerEvent: {}
[5.012346] (-) TimerEvent: {}
[5.113087] (-) TimerEvent: {}
[5.213850] (-) TimerEvent: {}
[5.314562] (-) TimerEvent: {}
[5.415323] (-) TimerEvent: {}
[5.516145] (-) TimerEvent: {}
[5.617105] (-) TimerEvent: {}
[5.717798] (-) TimerEvent: {}
[5.818471] (-) TimerEvent: {}
[5.919145] (-) TimerEvent: {}
[6.019747] (-) TimerEvent: {}
[6.120066] (-) TimerEvent: {}
[6.220473] (-) TimerEvent: {}
[6.320865] (-) TimerEvent: {}
[6.421256] (-) TimerEvent: {}
[6.521632] (-) TimerEvent: {}
[6.621916] (-) TimerEvent: {}
[6.722256] (-) TimerEvent: {}
[6.822623] (-) TimerEvent: {}
[6.922939] (-) TimerEvent: {}
[7.023212] (-) TimerEvent: {}
[7.123583] (-) TimerEvent: {}
[7.223933] (-) TimerEvent: {}
[7.324346] (-) TimerEvent: {}
[7.424767] (-) TimerEvent: {}
[7.525171] (-) TimerEvent: {}
[7.625567] (-) TimerEvent: {}
[7.725940] (-) TimerEvent: {}
[7.826307] (-) TimerEvent: {}
[7.926679] (-) TimerEvent: {}
[8.027040] (-) TimerEvent: {}
[8.127407] (-) TimerEvent: {}
[8.227752] (-) TimerEvent: {}
[8.328057] (-) TimerEvent: {}
[8.428304] (-) TimerEvent: {}
[8.528650] (-) TimerEvent: {}
[8.629009] (-) TimerEvent: {}
[8.729317] (-) TimerEvent: {}
[8.829587] (-) TimerEvent: {}
[8.929960] (-) TimerEvent: {}
[9.030376] (-) TimerEvent: {}
[9.130791] (-) TimerEvent: {}
[9.219617] (tracer_base) StdoutLine: {'line': b'[100%] \x1b[32m\x1b[1mLinking CXX executable tracer_base_node\x1b[0m\n'}
[9.230881] (-) TimerEvent: {}
[9.331185] (-) TimerEvent: {}
[9.431588] (-) TimerEvent: {}
[9.514633] (tracer_base) StdoutLine: {'line': b'[100%] Built target tracer_base_node\n'}
[9.519962] (tracer_base) CommandEnded: {'returncode': 0}
[9.520365] (tracer_base) JobProgress: {'identifier': 'tracer_base', 'progress': 'install'}
[9.520472] (tracer_base) Command: {'cmd': ['/usr/bin/cmake', '--install', '/home/jacky/movecar_ws/build/tracer_base'], 'cwd': '/home/jacky/movecar_ws/build/tracer_base', 'env': OrderedDict([('LESSOPEN', '| /usr/bin/lesspipe %s'), ('LANGUAGE', 'zh_CN:zh'), ('USER', 'jacky'), ('XDG_SESSION_TYPE', 'x11'), ('ROS_PACKAGE_PATH', '/home/jacky/movecar_ws/install/ugv_sdk/share'), ('SHLVL', '1'), ('LD_LIBRARY_PATH', '/home/jacky/movecar_ws/install/tracer_msgs/lib:/usr/lib/x86_64-linux-gnu/gazebo-11/plugins:/opt/ros/humble/opt/rviz_ogre_vendor/lib:/opt/ros/humble/lib/x86_64-linux-gnu:/opt/ros/humble/lib'), ('HOME', '/home/jacky'), ('OLDPWD', '/home/jacky'), ('DESKTOP_SESSION', 'ubuntu'), ('ROS_PYTHON_VERSION', '3'), ('GNOME_SHELL_SESSION_MODE', 'ubuntu'), ('GTK_MODULES', 'gail:atk-bridge'), ('SYSTEMD_EXEC_PID', '2019'), ('DBUS_SESSION_BUS_ADDRESS', 'unix:path=/run/user/1000/bus'), ('COLORTERM', 'truecolor'), ('ROS_DISTRO', 'humble'), ('GTK_IM_MODULE', 'ibus'), ('LOGNAME', 'jacky'), ('_', '/usr/bin/colcon'), ('ROS_VERSION', '2'), ('XDG_SESSION_CLASS', 'user'), ('PKG_CONFIG_PATH', '/home/jacky/movecar_ws/install/ugv_sdk/lib/x86_64-linux-gnu/pkgconfig:/home/jacky/movecar_ws/install/ugv_sdk/lib/pkgconfig'), ('USERNAME', 'jacky'), ('TERM', 'xterm-256color'), ('GNOME_DESKTOP_SESSION_ID', 'this-is-deprecated'), ('ROS_LOCALHOST_ONLY', '0'), ('WINDOWPATH', '2'), ('PATH', '/opt/ros/humble/bin:/home/jacky/.local/bin:/usr/local/sbin:/usr/local/bin:/usr/sbin:/usr/bin:/sbin:/bin:/usr/games:/usr/local/games:/snap/bin:/snap/bin'), ('SESSION_MANAGER', 'local/jacky-CANGLONG-Series:@/tmp/.ICE-unix/1768,unix/jacky-CANGLONG-Series:/tmp/.ICE-unix/1768'), ('XDG_MENU_PREFIX', 'gnome-'), ('GNOME_TERMINAL_SCREEN', '/org/gnome/Terminal/screen/eff170ea_b423_4083_994d_7c54a750d5a7'), ('XDG_RUNTIME_DIR', '/run/user/1000'), ('DISPLAY', ':0'), ('LANG', 'zh_CN.UTF-8'), ('XDG_CURRENT_DESKTOP', 'ubuntu:GNOME'), ('XMODIFIERS', '@im=ibus'), ('XDG_SESSION_DESKTOP', 'ubuntu'), ('XAUTHORITY', '/run/user/1000/gdm/Xauthority'), ('LS_COLORS', 'rs=0:di=01;34:ln=01;36:mh=00:pi=40;33:so=01;35:do=01;35:bd=40;33;01:cd=40;33;01:or=40;31;01:mi=00:su=37;41:sg=30;43:ca=30;41:tw=30;42:ow=34;42:st=37;44:ex=01;32:*.tar=01;31:*.tgz=01;31:*.arc=01;31:*.arj=01;31:*.taz=01;31:*.lha=01;31:*.lz4=01;31:*.lzh=01;31:*.lzma=01;31:*.tlz=01;31:*.txz=01;31:*.tzo=01;31:*.t7z=01;31:*.zip=01;31:*.z=01;31:*.dz=01;31:*.gz=01;31:*.lrz=01;31:*.lz=01;31:*.lzo=01;31:*.xz=01;31:*.zst=01;31:*.tzst=01;31:*.bz2=01;31:*.bz=01;31:*.tbz=01;31:*.tbz2=01;31:*.tz=01;31:*.deb=01;31:*.rpm=01;31:*.jar=01;31:*.war=01;31:*.ear=01;31:*.sar=01;31:*.rar=01;31:*.alz=01;31:*.ace=01;31:*.zoo=01;31:*.cpio=01;31:*.7z=01;31:*.rz=01;31:*.cab=01;31:*.wim=01;31:*.swm=01;31:*.dwm=01;31:*.esd=01;31:*.jpg=01;35:*.jpeg=01;35:*.mjpg=01;35:*.mjpeg=01;35:*.gif=01;35:*.bmp=01;35:*.pbm=01;35:*.pgm=01;35:*.ppm=01;35:*.tga=01;35:*.xbm=01;35:*.xpm=01;35:*.tif=01;35:*.tiff=01;35:*.png=01;35:*.svg=01;35:*.svgz=01;35:*.mng=01;35:*.pcx=01;35:*.mov=01;35:*.mpg=01;35:*.mpeg=01;35:*.m2v=01;35:*.mkv=01;35:*.webm=01;35:*.webp=01;35:*.ogm=01;35:*.mp4=01;35:*.m4v=01;35:*.mp4v=01;35:*.vob=01;35:*.qt=01;35:*.nuv=01;35:*.wmv=01;35:*.asf=01;35:*.rm=01;35:*.rmvb=01;35:*.flc=01;35:*.avi=01;35:*.fli=01;35:*.flv=01;35:*.gl=01;35:*.dl=01;35:*.xcf=01;35:*.xwd=01;35:*.yuv=01;35:*.cgm=01;35:*.emf=01;35:*.ogv=01;35:*.ogx=01;35:*.aac=00;36:*.au=00;36:*.flac=00;36:*.m4a=00;36:*.mid=00;36:*.midi=00;36:*.mka=00;36:*.mp3=00;36:*.mpc=00;36:*.ogg=00;36:*.ra=00;36:*.wav=00;36:*.oga=00;36:*.opus=00;36:*.spx=00;36:*.xspf=00;36:'), ('GNOME_TERMINAL_SERVICE', ':1.110'), ('SSH_AGENT_LAUNCHER', 'gnome-keyring'), ('SSH_AUTH_SOCK', '/run/user/1000/keyring/ssh'), ('AMENT_PREFIX_PATH', '/home/jacky/movecar_ws/install/tracer_msgs:/opt/ros/humble'), ('SHELL', '/bin/bash'), ('QT_ACCESSIBILITY', '1'), ('GDMSESSION', 'ubuntu'), ('LESSCLOSE', '/usr/bin/lesspipe %s %s'), ('GPG_AGENT_INFO', '/run/user/1000/gnupg/S.gpg-agent:0:1'), ('QT_IM_MODULE', 'ibus'), ('PWD', '/home/jacky/movecar_ws/build/tracer_base'), ('XDG_CONFIG_DIRS', '/etc/xdg/xdg-ubuntu:/etc/xdg'), ('XDG_DATA_DIRS', '/usr/share/ubuntu:/usr/share/gnome:/usr/local/share/:/usr/share/:/var/lib/snapd/desktop'), ('PYTHONPATH', '/home/jacky/movecar_ws/install/tracer_msgs/local/lib/python3.10/dist-packages:/opt/ros/humble/lib/python3.10/site-packages:/opt/ros/humble/local/lib/python3.10/dist-packages'), ('COLCON', '1'), ('VTE_VERSION', '6800'), ('CMAKE_PREFIX_PATH', '/opt/ros/humble:/home/jacky/movecar_ws/install/ugv_sdk:/home/jacky/movecar_ws/install/tracer_msgs')]), 'shell': False}
[9.524410] (tracer_base) StdoutLine: {'line': b'-- Install configuration: ""\n'}
[9.524495] (tracer_base) StdoutLine: {'line': b'-- Installing: /home/jacky/movecar_ws/install/tracer_base/lib/tracer_base/tracer_base_node\n'}
[9.526431] (tracer_base) StdoutLine: {'line': b'-- Set runtime path of "/home/jacky/movecar_ws/install/tracer_base/lib/tracer_base/tracer_base_node" to ""\n'}
[9.526452] (tracer_base) StdoutLine: {'line': b'-- Installing: /home/jacky/movecar_ws/install/tracer_base/share/tracer_base//launch\n'}
[9.526492] (tracer_base) StdoutLine: {'line': b'-- Installing: /home/jacky/movecar_ws/install/tracer_base/share/tracer_base//launch/tracer_base.launch.py\n'}
[9.526532] (tracer_base) StdoutLine: {'line': b'-- Installing: /home/jacky/movecar_ws/install/tracer_base/share/tracer_base//launch/tracer_mini_base.launch.py\n'}
[9.526577] (tracer_base) StdoutLine: {'line': b'-- Installing: /home/jacky/movecar_ws/install/tracer_base/share/ament_index/resource_index/package_run_dependencies/tracer_base\n'}
[9.526611] (tracer_base) StdoutLine: {'line': b'-- Installing: /home/jacky/movecar_ws/install/tracer_base/share/ament_index/resource_index/parent_prefix_path/tracer_base\n'}
[9.526648] (tracer_base) StdoutLine: {'line': b'-- Installing: /home/jacky/movecar_ws/install/tracer_base/share/tracer_base/environment/ament_prefix_path.sh\n'}
[9.526683] (tracer_base) StdoutLine: {'line': b'-- Installing: /home/jacky/movecar_ws/install/tracer_base/share/tracer_base/environment/ament_prefix_path.dsv\n'}
[9.526712] (tracer_base) StdoutLine: {'line': b'-- Installing: /home/jacky/movecar_ws/install/tracer_base/share/tracer_base/environment/path.sh\n'}
[9.526745] (tracer_base) StdoutLine: {'line': b'-- Installing: /home/jacky/movecar_ws/install/tracer_base/share/tracer_base/environment/path.dsv\n'}
[9.526779] (tracer_base) StdoutLine: {'line': b'-- Installing: /home/jacky/movecar_ws/install/tracer_base/share/tracer_base/local_setup.bash\n'}
[9.526808] (tracer_base) StdoutLine: {'line': b'-- Installing: /home/jacky/movecar_ws/install/tracer_base/share/tracer_base/local_setup.sh\n'}
[9.526839] (tracer_base) StdoutLine: {'line': b'-- Installing: /home/jacky/movecar_ws/install/tracer_base/share/tracer_base/local_setup.zsh\n'}
[9.526869] (tracer_base) StdoutLine: {'line': b'-- Installing: /home/jacky/movecar_ws/install/tracer_base/share/tracer_base/local_setup.dsv\n'}
[9.526899] (tracer_base) StdoutLine: {'line': b'-- Installing: /home/jacky/movecar_ws/install/tracer_base/share/tracer_base/package.dsv\n'}
[9.526932] (tracer_base) StdoutLine: {'line': b'-- Installing: /home/jacky/movecar_ws/install/tracer_base/share/ament_index/resource_index/packages/tracer_base\n'}
[9.526961] (tracer_base) StdoutLine: {'line': b'-- Installing: /home/jacky/movecar_ws/install/tracer_base/share/tracer_base/cmake/tracer_baseConfig.cmake\n'}
[9.526991] (tracer_base) StdoutLine: {'line': b'-- Installing: /home/jacky/movecar_ws/install/tracer_base/share/tracer_base/cmake/tracer_baseConfig-version.cmake\n'}
[9.527020] (tracer_base) StdoutLine: {'line': b'-- Installing: /home/jacky/movecar_ws/install/tracer_base/share/tracer_base/package.xml\n'}
[9.527825] (tracer_base) CommandEnded: {'returncode': 0}
[9.531649] (-) TimerEvent: {}
[9.532146] (tracer_base) JobEnded: {'identifier': 'tracer_base', 'rc': 0}
[9.532397] (-) EventReactorShutdown: {}
